name,price,rating,reviews,url
N/A,N/A,4.5,2K+ bought in past month,https://www.amazon.com/sspa/click?ie=UTF8&spc=MTo4ODE3OTkyOTgzMDExMzk2OjE3Nzc0Nzk4OTk6c3BfYXRmOjMwMTAwMTA1NTAyODgwMjo6MDo6&url=%2FRaycon-Bluetooth-Headphones-Cancelling-Microphone%2Fdp%2FB08TMTFR6B%2Fref%3Dsr_1_1_sspa%3Fdib%3DeyJ2IjoiMSJ9.0N8s462Q6nJsWBWCB576zKIUK4numljzaoabf6euV6x4xea3ox7TpBsK3gCZ2l0LQibCWL-sV9P0Wu5GTBXS7TxVbOfK5UvATRKkmoWzcHrCHrvAO8F7rLvu61D1ot0l_zf8NURsteel0uJmnSqmUYBVgJbRrj2kH8T4eOPijXthXorWsNkU7EpvHsxpldmsmdq-KljOZ092rCLFlmRo_IIt1IIzndeo2gyYGlTlfKw.csDyXuQx9d76at9Ud3UiDQLFeJzIKdyw18puuIEOzYY%26dib_tag%3Dse%26keywords%3Dwireless%2Bheadphones%26qid%3D1777479898%26sr%3D8-1-spons%26sp_csd%3Dd2lkZ2V0TmFtZT1zcF9hdGY%26psc%3D1
N/A,N/A,4.5,9K+ bought in past month,https://www.amazon.com/sspa/click?ie=UTF8&spc=MTo4ODE3OTkyOTgzMDExMzk2OjE3Nzc0Nzk4OTk6c3BfYXRmOjMwMDI5NDQ4Nzk4OTkwMjo6MDo6&url=%2FBluetooth-Headphones-KVIDIO-Microphone-Lightweight%2Fdp%2FB09BF64J55%2Fref%3Dsr_1_2_sspa%3Fdib%3DeyJ2IjoiMSJ9.0N8s462Q6nJsWBWCB576zKIUK4numljzaoabf6euV6x4xea3ox7TpBsK3gCZ2l0LQibCWL-sV9P0Wu5GTBXS7TxVbOfK5UvATRKkmoWzcHrCHrvAO8F7rLvu61D1ot0l_zf8NURsteel0uJmnSqmUYBVgJbRrj2kH8T4eOPijXthXorWsNkU7EpvHsxpldmsmdq-KljOZ092rCLFlmRo_IIt1IIzndeo2gyYGlTlfKw.csDyXuQx9d76at9Ud3UiDQLFeJzIKdyw18puuIEOzYY%26dib_tag%3Dse%26keywords%3Dwireless%2Bheadphones%26qid%3D1777479898%26sr%3D8-2-spons%26sp_csd%3Dd2lkZ2V0TmFtZT1zcF9hdGY%26psc%3D1
Amazon's Choice: Overall Pick,N/A,4.8,Products highlighted as 'Overall Pick' are:,https://www.amazon.com/MMWOWARTS-Cancelling-Bluetooth-Headphones-Wireless/dp/B0G633S569/ref=sr_1_3?dib=eyJ2IjoiMSJ9.0N8s462Q6nJsWBWCB576zKIUK4numljzaoabf6euV6x4xea3ox7TpBsK3gCZ2l0LQibCWL-sV9P0Wu5GTBXS7TxVbOfK5UvATRKkmoWzcHrCHrvAO8F7rLvu61D1ot0l_zf8NURsteel0uJmnSqmUYBVgJbRrj2kH8T4eOPijXthXorWsNkU7EpvHsxpldmsmdq-KljOZ092rCLFlmRo_IIt1IIzndeo2gyYGlTlfKw.csDyXuQx9d76at9Ud3UiDQLFeJzIKdyw18puuIEOzYY&dib_tag=se&keywords=wireless+headphones&qid=1777479898&sr=8-3
N/A,N/A,4.5,10K+ bought in past month,https://www.amazon.com/HAOYUYAN-Bluetooth-Headphones-Canceling-Waterproof/dp/B0GHM7LCBV/ref=sr_1_4?dib=eyJ2IjoiMSJ9.0N8s462Q6nJsWBWCB576zKIUK4numljzaoabf6euV6x4xea3ox7TpBsK3gCZ2l0LQibCWL-sV9P0Wu5GTBXS7TxVbOfK5UvATRKkmoWzcHrCHrvAO8F7rLvu61D1ot0l_zf8NURsteel0uJmnSqmUYBVgJbRrj2kH8T4eOPijXthXorWsNkU7EpvHsxpldmsmdq-KljOZ092rCLFlmRo_IIt1IIzndeo2gyYGlTlfKw.csDyXuQx9d76at9Ud3UiDQLFeJzIKdyw18puuIEOzYY&dib_tag=se&keywords=wireless+headphones&qid=1777479898&sr=8-4
N/A,N/A,4.3,New on Amazon in past month,https://www.amazon.com/SIMOLIO-Wireless-Headphones-Bluetooth-Multi-Headphone/dp/B0GHYBZPGD/ref=sr_1_5?dib=eyJ2IjoiMSJ9.0N8s462Q6nJsWBWCB576zKIUK4numljzaoabf6euV6x4xea3ox7TpBsK3gCZ2l0LQibCWL-sV9P0Wu5GTBXS7TxVbOfK5UvATRKkmoWzcHrCHrvAO8F7rLvu61D1ot0l_zf8NURsteel0uJmnSqmUYBVgJbRrj2kH8T4eOPijXthXorWsNkU7EpvHsxpldmsmdq-KljOZ092rCLFlmRo_IIt1IIzndeo2gyYGlTlfKw.csDyXuQx9d76at9Ud3UiDQLFeJzIKdyw18puuIEOzYY&dib_tag=se&keywords=wireless+headphones&qid=1777479898&sr=8-5
N/A,N/A,4.6,10K+ bought in past month,https://www.amazon.com/Soundcore-Cancelling-Headphones-Bluetooth-Transparency/dp/B0CQXMXJC5/ref=sr_1_6?dib=eyJ2IjoiMSJ9.0N8s462Q6nJsWBWCB576zKIUK4numljzaoabf6euV6x4xea3ox7TpBsK3gCZ2l0LQibCWL-sV9P0Wu5GTBXS7TxVbOfK5UvATRKkmoWzcHrCHrvAO8F7rLvu61D1ot0l_zf8NURsteel0uJmnSqmUYBVgJbRrj2kH8T4eOPijXthXorWsNkU7EpvHsxpldmsmdq-KljOZ092rCLFlmRo_IIt1IIzndeo2gyYGlTlfKw.csDyXuQx9d76at9Ud3UiDQLFeJzIKdyw18puuIEOzYY&dib_tag=se&keywords=wireless+headphones&qid=1777479898&sr=8-6
N/A,N/A,4.4,100+ bought in past month,https://www.amazon.com/sspa/click?ie=UTF8&spc=MTo4ODE3OTkyOTgzMDExMzk2OjE3Nzc0Nzk4OTk6c3BfbXRmOjMwMTI0NjY5MTY4NDEwMjo6MDo6&url=%2FDEMICEA-Headphones-Conduction-Earphones-Resistant%2Fdp%2FB0G4W9NLCZ%2Fref%3Dsr_1_7_sspa%3Fdib%3DeyJ2IjoiMSJ9.0N8s462Q6nJsWBWCB576zKIUK4numljzaoabf6euV6x4xea3ox7TpBsK3gCZ2l0LQibCWL-sV9P0Wu5GTBXS7TxVbOfK5UvATRKkmoWzcHrCHrvAO8F7rLvu61D1ot0l_zf8NURsteel0uJmnSqmUYBVgJbRrj2kH8T4eOPijXthXorWsNkU7EpvHsxpldmsmdq-KljOZ092rCLFlmRo_IIt1IIzndeo2gyYGlTlfKw.csDyXuQx9d76at9Ud3UiDQLFeJzIKdyw18puuIEOzYY%26dib_tag%3Dse%26keywords%3Dwireless%2Bheadphones%26qid%3D1777479898%26sr%3D8-7-spons%26sp_csd%3Dd2lkZ2V0TmFtZT1zcF9tdGY%26psc%3D1
N/A,N/A,4.5,10K+ bought in past month,https://www.amazon.com/BERIBES-Bluetooth-Headphones-Microphone-Lightweight/dp/B09LYF2ST7/ref=sr_1_8?dib=eyJ2IjoiMSJ9.0N8s462Q6nJsWBWCB576zKIUK4numljzaoabf6euV6x4xea3ox7TpBsK3gCZ2l0LQibCWL-sV9P0Wu5GTBXS7TxVbOfK5UvATRKkmoWzcHrCHrvAO8F7rLvu61D1ot0l_zf8NURsteel0uJmnSqmUYBVgJbRrj2kH8T4eOPijXthXorWsNkU7EpvHsxpldmsmdq-KljOZ092rCLFlmRo_IIt1IIzndeo2gyYGlTlfKw.csDyXuQx9d76at9Ud3UiDQLFeJzIKdyw18puuIEOzYY&dib_tag=se&keywords=wireless+headphones&qid=1777479898&sr=8-8
N/A,N/A,4.6,10K+ bought in past month,https://www.amazon.com/soundcore-Cancelling-Headphones-Bluetooth-Transparency/dp/B0C3HCD34R/ref=sr_1_9?dib=eyJ2IjoiMSJ9.0N8s462Q6nJsWBWCB576zKIUK4numljzaoabf6euV6x4xea3ox7TpBsK3gCZ2l0LQibCWL-sV9P0Wu5GTBXS7TxVbOfK5UvATRKkmoWzcHrCHrvAO8F7rLvu61D1ot0l_zf8NURsteel0uJmnSqmUYBVgJbRrj2kH8T4eOPijXthXorWsNkU7EpvHsxpldmsmdq-KljOZ092rCLFlmRo_IIt1IIzndeo2gyYGlTlfKw.csDyXuQx9d76at9Ud3UiDQLFeJzIKdyw18puuIEOzYY&dib_tag=se&keywords=wireless+headphones&qid=1777479898&sr=8-9
N/A,N/A,4.6,10K+ bought in past month,https://www.amazon.com/Apple-Headphones-Cancellation-Transparency-Personalized/dp/B0DGJ7HYG1/ref=sr_1_10?dib=eyJ2IjoiMSJ9.0N8s462Q6nJsWBWCB576zKIUK4numljzaoabf6euV6x4xea3ox7TpBsK3gCZ2l0LQibCWL-sV9P0Wu5GTBXS7TxVbOfK5UvATRKkmoWzcHrCHrvAO8F7rLvu61D1ot0l_zf8NURsteel0uJmnSqmUYBVgJbRrj2kH8T4eOPijXthXorWsNkU7EpvHsxpldmsmdq-KljOZ092rCLFlmRo_IIt1IIzndeo2gyYGlTlfKw.csDyXuQx9d76at9Ud3UiDQLFeJzIKdyw18puuIEOzYY&dib_tag=se&keywords=wireless+headphones&qid=1777479898&sr=8-10
N/A,N/A,4.4,10K+ bought in past month,https://www.amazon.com/Soundcore-Wireless-Bluetooth-Water-Resistant-Customization/dp/B0BTYCRJSS/ref=sr_1_11?dib=eyJ2IjoiMSJ9.0N8s462Q6nJsWBWCB576zKIUK4numljzaoabf6euV6x4xea3ox7TpBsK3gCZ2l0LQibCWL-sV9P0Wu5GTBXS7TxVbOfK5UvATRKkmoWzcHrCHrvAO8F7rLvu61D1ot0l_zf8NURsteel0uJmnSqmUYBVgJbRrj2kH8T4eOPijXthXorWsNkU7EpvHsxpldmsmdq-KljOZ092rCLFlmRo_IIt1IIzndeo2gyYGlTlfKw.csDyXuQx9d76at9Ud3UiDQLFeJzIKdyw18puuIEOzYY&dib_tag=se&keywords=wireless+headphones&qid=1777479898&sr=8-11
N/A,N/A,4.6,1K+ bought in past month,https://www.amazon.com/sspa/click?ie=UTF8&spc=MTo4ODE3OTkyOTgzMDExMzk2OjE3Nzc0Nzk4OTk6c3BfbXRmOjMwMDU1MDY1MjgyNTMwMjo6MDo6&url=%2FJLab-Headphones-Cancelling-Customizable-Compatible%2Fdp%2FB0CRM9LQW2%2Fref%3Dsr_1_12_sspa%3Fdib%3DeyJ2IjoiMSJ9.0N8s462Q6nJsWBWCB576zKIUK4numljzaoabf6euV6x4xea3ox7TpBsK3gCZ2l0LQibCWL-sV9P0Wu5GTBXS7TxVbOfK5UvATRKkmoWzcHrCHrvAO8F7rLvu61D1ot0l_zf8NURsteel0uJmnSqmUYBVgJbRrj2kH8T4eOPijXthXorWsNkU7EpvHsxpldmsmdq-KljOZ092rCLFlmRo_IIt1IIzndeo2gyYGlTlfKw.csDyXuQx9d76at9Ud3UiDQLFeJzIKdyw18puuIEOzYY%26dib_tag%3Dse%26keywords%3Dwireless%2Bheadphones%26qid%3D1777479898%26sr%3D8-12-spons%26sp_csd%3Dd2lkZ2V0TmFtZT1zcF9tdGY%26psc%3D1
N/A,N/A,4.4,1K+ bought in past month,https://www.amazon.com/sspa/click?ie=UTF8&spc=MTo4NzgxMzEwODE5ODgyNzE2OjE3Nzc0Nzk5MDM6c3BfYXRmX25leHQ6MzAxMjQ3Njc2OTUxNDAyOjowOjo&url=%2FCancelling-Headphones-Wireless-Bluetooth-Microphone%2Fdp%2FB0BKPRTRXK%2Fref%3Dsr_1_17_sspa%3Fdib%3DeyJ2IjoiMSJ9.zMqkhoGR8_UnqSjx6O4xZ51beSVZVkK9T6em7DP_ANGPHEEzyrbE223b0Fm5vEM2m35hXHPTEBFRVkca-ZRwWaqmhFeYV0pvo8DzTw8ya_maYFZJDtO-S9m4N-BFMp5pUgpPu2sxN2bZyMdSFQ70gxUpTH6SbsJ_aVP-MZwrUqeub4XkOJMo7kmrwZr0Ihnxqy_ObLhFNk65DsnhQClUwHWoR-zIy0GIaS7kIbxrsK0.TsmeJFBu-0fS762HnNYHdMy_sQb6kePsGiz3XhfheBY%26dib_tag%3Dse%26keywords%3Dwireless%2Bheadphones%26qid%3D1777479903%26sr%3D8-17-spons%26sp_csd%3Dd2lkZ2V0TmFtZT1zcF9hdGZfbmV4dA%26psc%3D1
N/A,N/A,4.4,100+ bought in past month,https://www.amazon.com/sspa/click?ie=UTF8&spc=MTo4NzgxMzEwODE5ODgyNzE2OjE3Nzc0Nzk5MDM6c3BfYXRmX25leHQ6MzAxMjQ2NjkxNjg0MTAyOjowOjo&url=%2FDEMICEA-Headphones-Conduction-Earphones-Resistant%2Fdp%2FB0G4W9NLCZ%2Fref%3Dsr_1_18_sspa%3Fdib%3DeyJ2IjoiMSJ9.zMqkhoGR8_UnqSjx6O4xZ51beSVZVkK9T6em7DP_ANGPHEEzyrbE223b0Fm5vEM2m35hXHPTEBFRVkca-ZRwWaqmhFeYV0pvo8DzTw8ya_maYFZJDtO-S9m4N-BFMp5pUgpPu2sxN2bZyMdSFQ70gxUpTH6SbsJ_aVP-MZwrUqeub4XkOJMo7kmrwZr0Ihnxqy_ObLhFNk65DsnhQClUwHWoR-zIy0GIaS7kIbxrsK0.TsmeJFBu-0fS762HnNYHdMy_sQb6kePsGiz3XhfheBY%26dib_tag%3Dse%26keywords%3Dwireless%2Bheadphones%26qid%3D1777479903%26sr%3D8-18-spons%26sp_csd%3Dd2lkZ2V0TmFtZT1zcF9hdGZfbmV4dA%26psc%3D1
N/A,N/A,4.6,4K+ bought in past month,https://www.amazon.com/Glynzak-Bluetooth-Headphones-Microphone-Smartphone/dp/B0BMLXSNG8/ref=sr_1_19?dib=eyJ2IjoiMSJ9.zMqkhoGR8_UnqSjx6O4xZ51beSVZVkK9T6em7DP_ANGPHEEzyrbE223b0Fm5vEM2m35hXHPTEBFRVkca-ZRwWaqmhFeYV0pvo8DzTw8ya_maYFZJDtO-S9m4N-BFMp5pUgpPu2sxN2bZyMdSFQ70gxUpTH6SbsJ_aVP-MZwrUqeub4XkOJMo7kmrwZr0Ihnxqy_ObLhFNk65DsnhQClUwHWoR-zIy0GIaS7kIbxrsK0.TsmeJFBu-0fS762HnNYHdMy_sQb6kePsGiz3XhfheBY&dib_tag=se&keywords=wireless+headphones&qid=1777479903&sr=8-19
N/A,N/A,4.3,4K+ bought in past month,https://www.amazon.com/Haqquio-Bluetooth-Headphones-Lightweight-Earphones/dp/B0FYFXVWMZ/ref=sr_1_20?dib=eyJ2IjoiMSJ9.zMqkhoGR8_UnqSjx6O4xZ51beSVZVkK9T6em7DP_ANGPHEEzyrbE223b0Fm5vEM2m35hXHPTEBFRVkca-ZRwWaqmhFeYV0pvo8DzTw8ya_maYFZJDtO-S9m4N-BFMp5pUgpPu2sxN2bZyMdSFQ70gxUpTH6SbsJ_aVP-MZwrUqeub4XkOJMo7kmrwZr0Ihnxqy_ObLhFNk65DsnhQClUwHWoR-zIy0GIaS7kIbxrsK0.TsmeJFBu-0fS762HnNYHdMy_sQb6kePsGiz3XhfheBY&dib_tag=se&keywords=wireless+headphones&qid=1777479903&sr=8-20
N/A,N/A,4.9,No featured offers available,https://www.amazon.com/Conduction-Headphones-Bluetooth-Waterproof-Earphones/dp/B0GV9ZTP4B/ref=sr_1_21?dib=eyJ2IjoiMSJ9.zMqkhoGR8_UnqSjx6O4xZ51beSVZVkK9T6em7DP_ANGPHEEzyrbE223b0Fm5vEM2m35hXHPTEBFRVkca-ZRwWaqmhFeYV0pvo8DzTw8ya_maYFZJDtO-S9m4N-BFMp5pUgpPu2sxN2bZyMdSFQ70gxUpTH6SbsJ_aVP-MZwrUqeub4XkOJMo7kmrwZr0Ihnxqy_ObLhFNk65DsnhQClUwHWoR-zIy0GIaS7kIbxrsK0.TsmeJFBu-0fS762HnNYHdMy_sQb6kePsGiz3XhfheBY&dib_tag=se&keywords=wireless+headphones&qid=1777479903&sr=8-21
N/A,N/A,4.6,3K+ bought in past month,https://www.amazon.com/JLab-Headphones-Cancelling-Customizable-Compatible/dp/B0CRLXZ5J6/ref=sr_1_22?dib=eyJ2IjoiMSJ9.zMqkhoGR8_UnqSjx6O4xZ51beSVZVkK9T6em7DP_ANGPHEEzyrbE223b0Fm5vEM2m35hXHPTEBFRVkca-ZRwWaqmhFeYV0pvo8DzTw8ya_maYFZJDtO-S9m4N-BFMp5pUgpPu2sxN2bZyMdSFQ70gxUpTH6SbsJ_aVP-MZwrUqeub4XkOJMo7kmrwZr0Ihnxqy_ObLhFNk65DsnhQClUwHWoR-zIy0GIaS7kIbxrsK0.TsmeJFBu-0fS762HnNYHdMy_sQb6kePsGiz3XhfheBY&dib_tag=se&keywords=wireless+headphones&qid=1777479903&sr=8-22
N/A,N/A,4.5,9K+ bought in past month,https://www.amazon.com/Bluetooth-Headphones-KVIDIO-Microphone-Lightweight/dp/B09BF64J55/ref=sr_1_23?dib=eyJ2IjoiMSJ9.zMqkhoGR8_UnqSjx6O4xZ51beSVZVkK9T6em7DP_ANGPHEEzyrbE223b0Fm5vEM2m35hXHPTEBFRVkca-ZRwWaqmhFeYV0pvo8DzTw8ya_maYFZJDtO-S9m4N-BFMp5pUgpPu2sxN2bZyMdSFQ70gxUpTH6SbsJ_aVP-MZwrUqeub4XkOJMo7kmrwZr0Ihnxqy_ObLhFNk65DsnhQClUwHWoR-zIy0GIaS7kIbxrsK0.TsmeJFBu-0fS762HnNYHdMy_sQb6kePsGiz3XhfheBY&dib_tag=se&keywords=wireless+headphones&qid=1777479903&sr=8-23
N/A,N/A,4.6,4K+ bought in past month,https://www.amazon.com/Picun-B8-Bluetooth-Headphones-Hands-Free/dp/B0CFV9XR2Q/ref=sr_1_24?dib=eyJ2IjoiMSJ9.zMqkhoGR8_UnqSjx6O4xZ51beSVZVkK9T6em7DP_ANGPHEEzyrbE223b0Fm5vEM2m35hXHPTEBFRVkca-ZRwWaqmhFeYV0pvo8DzTw8ya_maYFZJDtO-S9m4N-BFMp5pUgpPu2sxN2bZyMdSFQ70gxUpTH6SbsJ_aVP-MZwrUqeub4XkOJMo7kmrwZr0Ihnxqy_ObLhFNk65DsnhQClUwHWoR-zIy0GIaS7kIbxrsK0.TsmeJFBu-0fS762HnNYHdMy_sQb6kePsGiz3XhfheBY&dib_tag=se&keywords=wireless+headphones&qid=1777479903&sr=8-24
N/A,N/A,4.4,No featured offers available,https://www.amazon.com/TAGRY-Cancelling-Headphones-Bluetooth-Headphone/dp/B0GSQL8J2V/ref=sr_1_25?dib=eyJ2IjoiMSJ9.zMqkhoGR8_UnqSjx6O4xZ51beSVZVkK9T6em7DP_ANGPHEEzyrbE223b0Fm5vEM2m35hXHPTEBFRVkca-ZRwWaqmhFeYV0pvo8DzTw8ya_maYFZJDtO-S9m4N-BFMp5pUgpPu2sxN2bZyMdSFQ70gxUpTH6SbsJ_aVP-MZwrUqeub4XkOJMo7kmrwZr0Ihnxqy_ObLhFNk65DsnhQClUwHWoR-zIy0GIaS7kIbxrsK0.TsmeJFBu-0fS762HnNYHdMy_sQb6kePsGiz3XhfheBY&dib_tag=se&keywords=wireless+headphones&qid=1777479903&sr=8-25
N/A,N/A,5.0,500+ bought in past month,https://www.amazon.com/bmani-Cancelling-Headphones-Playtime-Bluetooth/dp/B0GSDB69RT/ref=sr_1_26?dib=eyJ2IjoiMSJ9.zMqkhoGR8_UnqSjx6O4xZ51beSVZVkK9T6em7DP_ANGPHEEzyrbE223b0Fm5vEM2m35hXHPTEBFRVkca-ZRwWaqmhFeYV0pvo8DzTw8ya_maYFZJDtO-S9m4N-BFMp5pUgpPu2sxN2bZyMdSFQ70gxUpTH6SbsJ_aVP-MZwrUqeub4XkOJMo7kmrwZr0Ihnxqy_ObLhFNk65DsnhQClUwHWoR-zIy0GIaS7kIbxrsK0.TsmeJFBu-0fS762HnNYHdMy_sQb6kePsGiz3XhfheBY&dib_tag=se&keywords=wireless+headphones&qid=1777479903&sr=8-26
N/A,"3,318.",4.3,1K+ bought in past month,https://www.amazon.com/sspa/click?ie=UTF8&spc=MTo4NzgxMzEwODE5ODgyNzE2OjE3Nzc0Nzk5MDM6c3BfbXRmOjMwMTIxNDM0NjQ3MDEwMjo6MDo6&url=%2FActive-Noise-Cancelling-Headphones-Comfortable%2Fdp%2FB095BV8R27%2Fref%3Dsr_1_27_sspa%3Fdib%3DeyJ2IjoiMSJ9.zMqkhoGR8_UnqSjx6O4xZ51beSVZVkK9T6em7DP_ANGPHEEzyrbE223b0Fm5vEM2m35hXHPTEBFRVkca-ZRwWaqmhFeYV0pvo8DzTw8ya_maYFZJDtO-S9m4N-BFMp5pUgpPu2sxN2bZyMdSFQ70gxUpTH6SbsJ_aVP-MZwrUqeub4XkOJMo7kmrwZr0Ihnxqy_ObLhFNk65DsnhQClUwHWoR-zIy0GIaS7kIbxrsK0.TsmeJFBu-0fS762HnNYHdMy_sQb6kePsGiz3XhfheBY%26dib_tag%3Dse%26keywords%3Dwireless%2Bheadphones%26qid%3D1777479903%26sr%3D8-27-spons%26sp_csd%3Dd2lkZ2V0TmFtZT1zcF9tdGY%26psc%3D1
N/A,N/A,4.6,4K+ bought in past month,https://www.amazon.com/sspa/click?ie=UTF8&spc=MTo4NzgxMzEwODE5ODgyNzE2OjE3Nzc0Nzk5MDM6c3BfbXRmOjMwMTIzNDQ3NzEwNjUwMjo6MDo6&url=%2FPicun-B8-Bluetooth-Headphones-Hands-Free%2Fdp%2FB0CFV9XR2Q%2Fref%3Dsr_1_28_sspa%3Fdib%3DeyJ2IjoiMSJ9.zMqkhoGR8_UnqSjx6O4xZ51beSVZVkK9T6em7DP_ANGPHEEzyrbE223b0Fm5vEM2m35hXHPTEBFRVkca-ZRwWaqmhFeYV0pvo8DzTw8ya_maYFZJDtO-S9m4N-BFMp5pUgpPu2sxN2bZyMdSFQ70gxUpTH6SbsJ_aVP-MZwrUqeub4XkOJMo7kmrwZr0Ihnxqy_ObLhFNk65DsnhQClUwHWoR-zIy0GIaS7kIbxrsK0.TsmeJFBu-0fS762HnNYHdMy_sQb6kePsGiz3XhfheBY%26dib_tag%3Dse%26keywords%3Dwireless%2Bheadphones%26qid%3D1777479903%26sr%3D8-28-spons%26sp_csd%3Dd2lkZ2V0TmFtZT1zcF9tdGY%26psc%3D1
N/A,N/A,4.6,1K+ bought in past month,https://www.amazon.com/sspa/click?ie=UTF8&spc=MTo0NTQ3MzU0NTI3ODU5OTE5OjE3Nzc0Nzk5MDY6c3BfYXRmX25leHQ6MzAwNTUwNjUyODI1MzAyOjowOjo&url=%2FJLab-Headphones-Cancelling-Customizable-Compatible%2Fdp%2FB0CRM9LQW2%2Fref%3Dsr_1_33_sspa%3Fdib%3DeyJ2IjoiMSJ9.DQm7PFgmOGDngnV5nDRSeTtKFnfVBPmcUQO6g2hsq37PXGYUjWNCvWn5fYtFEeooPfxt7a9w7jsoxSK1z46LsrlQpiZBFxAfJLoyaGigQmAzsuYsudd5pvIZlUq7px947KiyFj_m9BdXKJCAgeoKpS0mnNpbzCd1yTRfZr-t650kKSo1YN1ymBbB_K73qpFBIOqD_xlOAKzGU93lxcPWrcmzTj92V0qEBNcTNfnGj7I.rmLfwwWyizRCsnHjsac2u6zXYKWhuiwZ3HsczIFLADY%26dib_tag%3Dse%26keywords%3Dwireless%2Bheadphones%26qid%3D1777479906%26sr%3D8-33-spons%26sp_csd%3Dd2lkZ2V0TmFtZT1zcF9hdGZfbmV4dA%26psc%3D1
N/A,N/A,4.4,100+ bought in past month,https://www.amazon.com/sspa/click?ie=UTF8&spc=MTo0NTQ3MzU0NTI3ODU5OTE5OjE3Nzc0Nzk5MDY6c3BfYXRmX25leHQ6MzAxMjQ2NjkxNjg0MTAyOjowOjo&url=%2FDEMICEA-Headphones-Conduction-Earphones-Resistant%2Fdp%2FB0G4W9NLCZ%2Fref%3Dsr_1_34_sspa%3Fdib%3DeyJ2IjoiMSJ9.DQm7PFgmOGDngnV5nDRSeTtKFnfVBPmcUQO6g2hsq37PXGYUjWNCvWn5fYtFEeooPfxt7a9w7jsoxSK1z46LsrlQpiZBFxAfJLoyaGigQmAzsuYsudd5pvIZlUq7px947KiyFj_m9BdXKJCAgeoKpS0mnNpbzCd1yTRfZr-t650kKSo1YN1ymBbB_K73qpFBIOqD_xlOAKzGU93lxcPWrcmzTj92V0qEBNcTNfnGj7I.rmLfwwWyizRCsnHjsac2u6zXYKWhuiwZ3HsczIFLADY%26dib_tag%3Dse%26keywords%3Dwireless%2Bheadphones%26qid%3D1777479906%26sr%3D8-34-spons%26sp_csd%3Dd2lkZ2V0TmFtZT1zcF9hdGZfbmV4dA%26psc%3D1
N/A,N/A,4.5,10K+ bought in past month,https://www.amazon.com/Apple-Cancellation-Translation-Headphones-High-Fidelity/dp/B0FQFB8FMG/ref=sr_1_35?dib=eyJ2IjoiMSJ9.DQm7PFgmOGDngnV5nDRSeTtKFnfVBPmcUQO6g2hsq37PXGYUjWNCvWn5fYtFEeooPfxt7a9w7jsoxSK1z46LsrlQpiZBFxAfJLoyaGigQmAzsuYsudd5pvIZlUq7px947KiyFj_m9BdXKJCAgeoKpS0mnNpbzCd1yTRfZr-t650kKSo1YN1ymBbB_K73qpFBIOqD_xlOAKzGU93lxcPWrcmzTj92V0qEBNcTNfnGj7I.rmLfwwWyizRCsnHjsac2u6zXYKWhuiwZ3HsczIFLADY&dib_tag=se&keywords=wireless+headphones&qid=1777479906&sr=8-35
N/A,N/A,4.4,5K+ bought in past month,https://www.amazon.com/Soundcore-Cancelling-Headphones-Comfortable-Bluetooth/dp/B08HMWZBXC/ref=sr_1_36?dib=eyJ2IjoiMSJ9.DQm7PFgmOGDngnV5nDRSeTtKFnfVBPmcUQO6g2hsq37PXGYUjWNCvWn5fYtFEeooPfxt7a9w7jsoxSK1z46LsrlQpiZBFxAfJLoyaGigQmAzsuYsudd5pvIZlUq7px947KiyFj_m9BdXKJCAgeoKpS0mnNpbzCd1yTRfZr-t650kKSo1YN1ymBbB_K73qpFBIOqD_xlOAKzGU93lxcPWrcmzTj92V0qEBNcTNfnGj7I.rmLfwwWyizRCsnHjsac2u6zXYKWhuiwZ3HsczIFLADY&dib_tag=se&keywords=wireless+headphones&qid=1777479906&sr=8-36
N/A,N/A,4.4,2K+ bought in past month,https://www.amazon.com/Wireless-Bluetooth-Headphones-Earphones-BMANI-VEAT00L/dp/B09JC2VJYT/ref=sr_1_37?dib=eyJ2IjoiMSJ9.DQm7PFgmOGDngnV5nDRSeTtKFnfVBPmcUQO6g2hsq37PXGYUjWNCvWn5fYtFEeooPfxt7a9w7jsoxSK1z46LsrlQpiZBFxAfJLoyaGigQmAzsuYsudd5pvIZlUq7px947KiyFj_m9BdXKJCAgeoKpS0mnNpbzCd1yTRfZr-t650kKSo1YN1ymBbB_K73qpFBIOqD_xlOAKzGU93lxcPWrcmzTj92V0qEBNcTNfnGj7I.rmLfwwWyizRCsnHjsac2u6zXYKWhuiwZ3HsczIFLADY&dib_tag=se&keywords=wireless+headphones&qid=1777479906&sr=8-37
N/A,N/A,4.9,New on Amazon in past month,https://www.amazon.com/LEEMC-Bluetooth-Headphones-Earphones-Waterproof/dp/B0GVGSP7DT/ref=sr_1_38?dib=eyJ2IjoiMSJ9.DQm7PFgmOGDngnV5nDRSeTtKFnfVBPmcUQO6g2hsq37PXGYUjWNCvWn5fYtFEeooPfxt7a9w7jsoxSK1z46LsrlQpiZBFxAfJLoyaGigQmAzsuYsudd5pvIZlUq7px947KiyFj_m9BdXKJCAgeoKpS0mnNpbzCd1yTRfZr-t650kKSo1YN1ymBbB_K73qpFBIOqD_xlOAKzGU93lxcPWrcmzTj92V0qEBNcTNfnGj7I.rmLfwwWyizRCsnHjsac2u6zXYKWhuiwZ3HsczIFLADY&dib_tag=se&keywords=wireless+headphones&qid=1777479906&sr=8-38
N/A,N/A,4.4,4K+ bought in past month,https://www.amazon.com/Bluetooth-Headphones-Waterproof-Earphones-Cancelling/dp/B09KGLRF8J/ref=sr_1_39?dib=eyJ2IjoiMSJ9.DQm7PFgmOGDngnV5nDRSeTtKFnfVBPmcUQO6g2hsq37PXGYUjWNCvWn5fYtFEeooPfxt7a9w7jsoxSK1z46LsrlQpiZBFxAfJLoyaGigQmAzsuYsudd5pvIZlUq7px947KiyFj_m9BdXKJCAgeoKpS0mnNpbzCd1yTRfZr-t650kKSo1YN1ymBbB_K73qpFBIOqD_xlOAKzGU93lxcPWrcmzTj92V0qEBNcTNfnGj7I.rmLfwwWyizRCsnHjsac2u6zXYKWhuiwZ3HsczIFLADY&dib_tag=se&keywords=wireless+headphones&qid=1777479906&sr=8-39
N/A,N/A,4.5,9K+ bought in past month,https://www.amazon.com/Soundcore-Headphones-Adjustable-Ultra-Comfort-Multipoint/dp/B0D2XRXNGY/ref=sr_1_40?dib=eyJ2IjoiMSJ9.DQm7PFgmOGDngnV5nDRSeTtKFnfVBPmcUQO6g2hsq37PXGYUjWNCvWn5fYtFEeooPfxt7a9w7jsoxSK1z46LsrlQpiZBFxAfJLoyaGigQmAzsuYsudd5pvIZlUq7px947KiyFj_m9BdXKJCAgeoKpS0mnNpbzCd1yTRfZr-t650kKSo1YN1ymBbB_K73qpFBIOqD_xlOAKzGU93lxcPWrcmzTj92V0qEBNcTNfnGj7I.rmLfwwWyizRCsnHjsac2u6zXYKWhuiwZ3HsczIFLADY&dib_tag=se&keywords=wireless+headphones&qid=1777479906&sr=8-40
N/A,N/A,4.4,1K+ bought in past month,https://www.amazon.com/Bluetooth-Headphones-Cancelling-Waterproof-Earphones/dp/B0GTV85M9L/ref=sr_1_41?dib=eyJ2IjoiMSJ9.DQm7PFgmOGDngnV5nDRSeTtKFnfVBPmcUQO6g2hsq37PXGYUjWNCvWn5fYtFEeooPfxt7a9w7jsoxSK1z46LsrlQpiZBFxAfJLoyaGigQmAzsuYsudd5pvIZlUq7px947KiyFj_m9BdXKJCAgeoKpS0mnNpbzCd1yTRfZr-t650kKSo1YN1ymBbB_K73qpFBIOqD_xlOAKzGU93lxcPWrcmzTj92V0qEBNcTNfnGj7I.rmLfwwWyizRCsnHjsac2u6zXYKWhuiwZ3HsczIFLADY&dib_tag=se&keywords=wireless+headphones&qid=1777479906&sr=8-41
N/A,N/A,4.9,2K+ bought in past month,https://www.amazon.com/Pointcinco-Cancelling-Headphones-Bluetooth-Lightweight/dp/B0G9L2TNYZ/ref=sr_1_42?dib=eyJ2IjoiMSJ9.DQm7PFgmOGDngnV5nDRSeTtKFnfVBPmcUQO6g2hsq37PXGYUjWNCvWn5fYtFEeooPfxt7a9w7jsoxSK1z46LsrlQpiZBFxAfJLoyaGigQmAzsuYsudd5pvIZlUq7px947KiyFj_m9BdXKJCAgeoKpS0mnNpbzCd1yTRfZr-t650kKSo1YN1ymBbB_K73qpFBIOqD_xlOAKzGU93lxcPWrcmzTj92V0qEBNcTNfnGj7I.rmLfwwWyizRCsnHjsac2u6zXYKWhuiwZ3HsczIFLADY&dib_tag=se&keywords=wireless+headphones&qid=1777479906&sr=8-42
N/A,"3,318.",4.3,1K+ bought in past month,https://www.amazon.com/sspa/click?ie=UTF8&spc=MTo0NTQ3MzU0NTI3ODU5OTE5OjE3Nzc0Nzk5MDY6c3BfbXRmOjMwMTIxNDM0NjQ3MDEwMjo6MDo6&url=%2FActive-Noise-Cancelling-Headphones-Comfortable%2Fdp%2FB095BV8R27%2Fref%3Dsr_1_43_sspa%3Fdib%3DeyJ2IjoiMSJ9.DQm7PFgmOGDngnV5nDRSeTtKFnfVBPmcUQO6g2hsq37PXGYUjWNCvWn5fYtFEeooPfxt7a9w7jsoxSK1z46LsrlQpiZBFxAfJLoyaGigQmAzsuYsudd5pvIZlUq7px947KiyFj_m9BdXKJCAgeoKpS0mnNpbzCd1yTRfZr-t650kKSo1YN1ymBbB_K73qpFBIOqD_xlOAKzGU93lxcPWrcmzTj92V0qEBNcTNfnGj7I.rmLfwwWyizRCsnHjsac2u6zXYKWhuiwZ3HsczIFLADY%26dib_tag%3Dse%26keywords%3Dwireless%2Bheadphones%26qid%3D1777479906%26sr%3D8-43-spons%26sp_csd%3Dd2lkZ2V0TmFtZT1zcF9tdGY%26psc%3D1
N/A,N/A,4.6,4K+ bought in past month,https://www.amazon.com/sspa/click?ie=UTF8&spc=MTo0NTQ3MzU0NTI3ODU5OTE5OjE3Nzc0Nzk5MDY6c3BfbXRmOjMwMTIzNDQ3NzEwNjUwMjo6MDo6&url=%2FPicun-B8-Bluetooth-Headphones-Hands-Free%2Fdp%2FB0CFV9XR2Q%2Fref%3Dsr_1_44_sspa%3Fdib%3DeyJ2IjoiMSJ9.DQm7PFgmOGDngnV5nDRSeTtKFnfVBPmcUQO6g2hsq37PXGYUjWNCvWn5fYtFEeooPfxt7a9w7jsoxSK1z46LsrlQpiZBFxAfJLoyaGigQmAzsuYsudd5pvIZlUq7px947KiyFj_m9BdXKJCAgeoKpS0mnNpbzCd1yTRfZr-t650kKSo1YN1ymBbB_K73qpFBIOqD_xlOAKzGU93lxcPWrcmzTj92V0qEBNcTNfnGj7I.rmLfwwWyizRCsnHjsac2u6zXYKWhuiwZ3HsczIFLADY%26dib_tag%3Dse%26keywords%3Dwireless%2Bheadphones%26qid%3D1777479906%26sr%3D8-44-spons%26sp_csd%3Dd2lkZ2V0TmFtZT1zcF9tdGY%26psc%3D1
N/A,"3,318.",4.3,1K+ bought in past month,https://www.amazon.com/sspa/click?ie=UTF8&spc=MTo0MDYwOTM5NzEyOTc2OTY0OjE3Nzc0Nzk5MDk6c3BfYXRmX25leHQ6MzAxMjE0MzQ2NDcwMTAyOjowOjo&url=%2FActive-Noise-Cancelling-Headphones-Comfortable%2Fdp%2FB095BV8R27%2Fref%3Dsr_1_49_sspa%3Fdib%3DeyJ2IjoiMSJ9.bmqdkY67hgAJ1CIB0Q6r5kD41rGbCm0FKawbTUDi5j1zdSwpS8Do_EMdXGYkgORzROjLqbZJdvTeUDTbap4a5qjG4-wyb9iJA-r4GTDZ8KLN9yt1JuFRridcZtCfyjJWIl43j4ioEptSUV9S-3V4NPjCGT2hx8JH6HIWSp_y_r-6Zb9GjFzyPdziKTtR4N6MDYfEK1uNC3a3Hybnl_lBh9LNwhiwVPqnASiWRgILp4E.Qu2BJ8NGJlyWjmC-PpcE8h4vI7WuTWAY1wnJG2UBrwY%26dib_tag%3Dse%26keywords%3Dwireless%2Bheadphones%26qid%3D1777479909%26sr%3D8-49-spons%26sp_csd%3Dd2lkZ2V0TmFtZT1zcF9hdGZfbmV4dA%26psc%3D1
N/A,N/A,4.4,100+ bought in past month,https://www.amazon.com/sspa/click?ie=UTF8&spc=MTo0MDYwOTM5NzEyOTc2OTY0OjE3Nzc0Nzk5MDk6c3BfYXRmX25leHQ6MzAxMjQ2NjkxNjg0MTAyOjowOjo&url=%2FDEMICEA-Headphones-Conduction-Earphones-Resistant%2Fdp%2FB0G4W9NLCZ%2Fref%3Dsr_1_50_sspa%3Fdib%3DeyJ2IjoiMSJ9.bmqdkY67hgAJ1CIB0Q6r5kD41rGbCm0FKawbTUDi5j1zdSwpS8Do_EMdXGYkgORzROjLqbZJdvTeUDTbap4a5qjG4-wyb9iJA-r4GTDZ8KLN9yt1JuFRridcZtCfyjJWIl43j4ioEptSUV9S-3V4NPjCGT2hx8JH6HIWSp_y_r-6Zb9GjFzyPdziKTtR4N6MDYfEK1uNC3a3Hybnl_lBh9LNwhiwVPqnASiWRgILp4E.Qu2BJ8NGJlyWjmC-PpcE8h4vI7WuTWAY1wnJG2UBrwY%26dib_tag%3Dse%26keywords%3Dwireless%2Bheadphones%26qid%3D1777479909%26sr%3D8-50-spons%26sp_csd%3Dd2lkZ2V0TmFtZT1zcF9hdGZfbmV4dA%26psc%3D1
N/A,N/A,4.4,2K+ bought in past month,https://www.amazon.com/JOYWISE-Bluetooth-Headphones-Earphones-Waterproof/dp/B0BTLVHMHW/ref=sr_1_51?dib=eyJ2IjoiMSJ9.bmqdkY67hgAJ1CIB0Q6r5kD41rGbCm0FKawbTUDi5j1zdSwpS8Do_EMdXGYkgORzROjLqbZJdvTeUDTbap4a5qjG4-wyb9iJA-r4GTDZ8KLN9yt1JuFRridcZtCfyjJWIl43j4ioEptSUV9S-3V4NPjCGT2hx8JH6HIWSp_y_r-6Zb9GjFzyPdziKTtR4N6MDYfEK1uNC3a3Hybnl_lBh9LNwhiwVPqnASiWRgILp4E.Qu2BJ8NGJlyWjmC-PpcE8h4vI7WuTWAY1wnJG2UBrwY&dib_tag=se&keywords=wireless+headphones&qid=1777479909&sr=8-51
N/A,N/A,4.8,100+ bought in past month,https://www.amazon.com/Wireless-Headphones-Watching-Transmitter-Charging/dp/B0GJSPJZRY/ref=sr_1_52?dib=eyJ2IjoiMSJ9.bmqdkY67hgAJ1CIB0Q6r5kD41rGbCm0FKawbTUDi5j1zdSwpS8Do_EMdXGYkgORzROjLqbZJdvTeUDTbap4a5qjG4-wyb9iJA-r4GTDZ8KLN9yt1JuFRridcZtCfyjJWIl43j4ioEptSUV9S-3V4NPjCGT2hx8JH6HIWSp_y_r-6Zb9GjFzyPdziKTtR4N6MDYfEK1uNC3a3Hybnl_lBh9LNwhiwVPqnASiWRgILp4E.Qu2BJ8NGJlyWjmC-PpcE8h4vI7WuTWAY1wnJG2UBrwY&dib_tag=se&keywords=wireless+headphones&qid=1777479909&sr=8-52
N/A,N/A,4.6,1K+ bought in past month,https://www.amazon.com/JBL-Tune-510BT-Ear-Headphones/dp/B08WM3LJQB/ref=sr_1_53?dib=eyJ2IjoiMSJ9.bmqdkY67hgAJ1CIB0Q6r5kD41rGbCm0FKawbTUDi5j1zdSwpS8Do_EMdXGYkgORzROjLqbZJdvTeUDTbap4a5qjG4-wyb9iJA-r4GTDZ8KLN9yt1JuFRridcZtCfyjJWIl43j4ioEptSUV9S-3V4NPjCGT2hx8JH6HIWSp_y_r-6Zb9GjFzyPdziKTtR4N6MDYfEK1uNC3a3Hybnl_lBh9LNwhiwVPqnASiWRgILp4E.Qu2BJ8NGJlyWjmC-PpcE8h4vI7WuTWAY1wnJG2UBrwY&dib_tag=se&keywords=wireless+headphones&qid=1777479909&sr=8-53
N/A,N/A,4.4,2K+ bought in past month,https://www.amazon.com/BlueParrott-B450-XT-Cancelling-Bluetooth-Headset/dp/B087R97MM2/ref=sr_1_54?dib=eyJ2IjoiMSJ9.bmqdkY67hgAJ1CIB0Q6r5kD41rGbCm0FKawbTUDi5j1zdSwpS8Do_EMdXGYkgORzROjLqbZJdvTeUDTbap4a5qjG4-wyb9iJA-r4GTDZ8KLN9yt1JuFRridcZtCfyjJWIl43j4ioEptSUV9S-3V4NPjCGT2hx8JH6HIWSp_y_r-6Zb9GjFzyPdziKTtR4N6MDYfEK1uNC3a3Hybnl_lBh9LNwhiwVPqnASiWRgILp4E.Qu2BJ8NGJlyWjmC-PpcE8h4vI7WuTWAY1wnJG2UBrwY&dib_tag=se&keywords=wireless+headphones&qid=1777479909&sr=8-54
N/A,N/A,4.3,2K+ bought in past month,https://www.amazon.com/Sony-WH-1000XM6-Headphones-Microphones-Studio-Quality/dp/B0F3PQHWTZ/ref=sr_1_55?dib=eyJ2IjoiMSJ9.bmqdkY67hgAJ1CIB0Q6r5kD41rGbCm0FKawbTUDi5j1zdSwpS8Do_EMdXGYkgORzROjLqbZJdvTeUDTbap4a5qjG4-wyb9iJA-r4GTDZ8KLN9yt1JuFRridcZtCfyjJWIl43j4ioEptSUV9S-3V4NPjCGT2hx8JH6HIWSp_y_r-6Zb9GjFzyPdziKTtR4N6MDYfEK1uNC3a3Hybnl_lBh9LNwhiwVPqnASiWRgILp4E.Qu2BJ8NGJlyWjmC-PpcE8h4vI7WuTWAY1wnJG2UBrwY&dib_tag=se&keywords=wireless+headphones&qid=1777479909&sr=8-55
N/A,N/A,4.0,500+ bought in past month,https://www.amazon.com/Poly-Plantronics-Single-Ear-USB-Bluetooth/dp/B09BBSB3J4/ref=sr_1_56?dib=eyJ2IjoiMSJ9.bmqdkY67hgAJ1CIB0Q6r5kD41rGbCm0FKawbTUDi5j1zdSwpS8Do_EMdXGYkgORzROjLqbZJdvTeUDTbap4a5qjG4-wyb9iJA-r4GTDZ8KLN9yt1JuFRridcZtCfyjJWIl43j4ioEptSUV9S-3V4NPjCGT2hx8JH6HIWSp_y_r-6Zb9GjFzyPdziKTtR4N6MDYfEK1uNC3a3Hybnl_lBh9LNwhiwVPqnASiWRgILp4E.Qu2BJ8NGJlyWjmC-PpcE8h4vI7WuTWAY1wnJG2UBrwY&dib_tag=se&keywords=wireless+headphones&qid=1777479909&sr=8-56
N/A,N/A,4.3,6K+ bought in past month,https://www.amazon.com/KTGEE-Bluetooth-Headphones-Waterproof-Earphones/dp/B0D5HG7TC3/ref=sr_1_57?dib=eyJ2IjoiMSJ9.bmqdkY67hgAJ1CIB0Q6r5kD41rGbCm0FKawbTUDi5j1zdSwpS8Do_EMdXGYkgORzROjLqbZJdvTeUDTbap4a5qjG4-wyb9iJA-r4GTDZ8KLN9yt1JuFRridcZtCfyjJWIl43j4ioEptSUV9S-3V4NPjCGT2hx8JH6HIWSp_y_r-6Zb9GjFzyPdziKTtR4N6MDYfEK1uNC3a3Hybnl_lBh9LNwhiwVPqnASiWRgILp4E.Qu2BJ8NGJlyWjmC-PpcE8h4vI7WuTWAY1wnJG2UBrwY&dib_tag=se&keywords=wireless+headphones&qid=1777479909&sr=8-57
N/A,N/A,4.3,3K+ bought in past month,https://www.amazon.com/Beats-Solo-Buds-Compatibility-Built/dp/B0D3JBRJ27/ref=sr_1_58?dib=eyJ2IjoiMSJ9.bmqdkY67hgAJ1CIB0Q6r5kD41rGbCm0FKawbTUDi5j1zdSwpS8Do_EMdXGYkgORzROjLqbZJdvTeUDTbap4a5qjG4-wyb9iJA-r4GTDZ8KLN9yt1JuFRridcZtCfyjJWIl43j4ioEptSUV9S-3V4NPjCGT2hx8JH6HIWSp_y_r-6Zb9GjFzyPdziKTtR4N6MDYfEK1uNC3a3Hybnl_lBh9LNwhiwVPqnASiWRgILp4E.Qu2BJ8NGJlyWjmC-PpcE8h4vI7WuTWAY1wnJG2UBrwY&dib_tag=se&keywords=wireless+headphones&qid=1777479909&sr=8-58
N/A,N/A,4.6,N/A,https://www.amazon.com/sspa/click?ie=UTF8&spc=MTo0MDYwOTM5NzEyOTc2OTY0OjE3Nzc0Nzk5MDk6c3BfbXRmOjMwMTIzMDg4ODEyOTcwMjo6MDo6&url=%2FJLab-Wireless-Bluetooth-Headphones-Cancelling%2Fdp%2FB0FX7R5C6L%2Fref%3Dsr_1_59_sspa%3Fdib%3DeyJ2IjoiMSJ9.bmqdkY67hgAJ1CIB0Q6r5kD41rGbCm0FKawbTUDi5j1zdSwpS8Do_EMdXGYkgORzROjLqbZJdvTeUDTbap4a5qjG4-wyb9iJA-r4GTDZ8KLN9yt1JuFRridcZtCfyjJWIl43j4ioEptSUV9S-3V4NPjCGT2hx8JH6HIWSp_y_r-6Zb9GjFzyPdziKTtR4N6MDYfEK1uNC3a3Hybnl_lBh9LNwhiwVPqnASiWRgILp4E.Qu2BJ8NGJlyWjmC-PpcE8h4vI7WuTWAY1wnJG2UBrwY%26dib_tag%3Dse%26keywords%3Dwireless%2Bheadphones%26qid%3D1777479909%26sr%3D8-59-spons%26sp_csd%3Dd2lkZ2V0TmFtZT1zcF9tdGY%26psc%3D1
N/A,N/A,4.6,4K+ bought in past month,https://www.amazon.com/sspa/click?ie=UTF8&spc=MTo0MDYwOTM5NzEyOTc2OTY0OjE3Nzc0Nzk5MDk6c3BfbXRmOjMwMTIzNDQ3NzEwNjUwMjo6MDo6&url=%2FPicun-B8-Bluetooth-Headphones-Hands-Free%2Fdp%2FB0CFV9XR2Q%2Fref%3Dsr_1_60_sspa%3Fdib%3DeyJ2IjoiMSJ9.bmqdkY67hgAJ1CIB0Q6r5kD41rGbCm0FKawbTUDi5j1zdSwpS8Do_EMdXGYkgORzROjLqbZJdvTeUDTbap4a5qjG4-wyb9iJA-r4GTDZ8KLN9yt1JuFRridcZtCfyjJWIl43j4ioEptSUV9S-3V4NPjCGT2hx8JH6HIWSp_y_r-6Zb9GjFzyPdziKTtR4N6MDYfEK1uNC3a3Hybnl_lBh9LNwhiwVPqnASiWRgILp4E.Qu2BJ8NGJlyWjmC-PpcE8h4vI7WuTWAY1wnJG2UBrwY%26dib_tag%3Dse%26keywords%3Dwireless%2Bheadphones%26qid%3D1777479909%26sr%3D8-60-spons%26sp_csd%3Dd2lkZ2V0TmFtZT1zcF9tdGY%26psc%3D1
N/A,"3,318.",4.3,1K+ bought in past month,https://www.amazon.com/sspa/click?ie=UTF8&spc=MTo3MzEzNjA0MzYyODgwMzoxNzc3NDc5OTEzOnNwX2F0Zl9uZXh0OjMwMTIxNDM0NjQ3MDEwMjo6MDo6&url=%2FActive-Noise-Cancelling-Headphones-Comfortable%2Fdp%2FB095BV8R27%2Fref%3Dsr_1_65_sspa%3Fdib%3DeyJ2IjoiMSJ9.fw-YDOtVfHmpVFHY8BILrQ-dSGecDpsrVZR2eqfhLsIfgLp5uJrdNyYEoiIHHtFApeuOVpQVh_K_4sUXDGfL7WzcvZIDdjitR3l7VSB20rxtOUY0GiOaKwCyqaXE7t2U7i8jWh5h4un3KoXtMDabNGXT4D9zU9YtEn-eka7e9U7WSfKm9JxfYz_althtupxgGBSjQjcTL0wIiIMCYk2Uz8Yjz5dlVqKQdeALW76auc8.saPpqzFhknifYbT3e6wSAZc8XKFFGVJB_4ktMx_MlDM%26dib_tag%3Dse%26keywords%3Dwireless%2Bheadphones%26qid%3D1777479913%26sr%3D8-65-spons%26sp_csd%3Dd2lkZ2V0TmFtZT1zcF9hdGZfbmV4dA%26psc%3D1
N/A,N/A,4.6,N/A,https://www.amazon.com/sspa/click?ie=UTF8&spc=MTo3MzEzNjA0MzYyODgwMzoxNzc3NDc5OTEzOnNwX2F0Zl9uZXh0OjMwMTIzMDg4ODEyOTcwMjo6MDo6&url=%2FJLab-Wireless-Bluetooth-Headphones-Cancelling%2Fdp%2FB0FX7R5C6L%2Fref%3Dsr_1_66_sspa%3Fdib%3DeyJ2IjoiMSJ9.fw-YDOtVfHmpVFHY8BILrQ-dSGecDpsrVZR2eqfhLsIfgLp5uJrdNyYEoiIHHtFApeuOVpQVh_K_4sUXDGfL7WzcvZIDdjitR3l7VSB20rxtOUY0GiOaKwCyqaXE7t2U7i8jWh5h4un3KoXtMDabNGXT4D9zU9YtEn-eka7e9U7WSfKm9JxfYz_althtupxgGBSjQjcTL0wIiIMCYk2Uz8Yjz5dlVqKQdeALW76auc8.saPpqzFhknifYbT3e6wSAZc8XKFFGVJB_4ktMx_MlDM%26dib_tag%3Dse%26keywords%3Dwireless%2Bheadphones%26qid%3D1777479913%26sr%3D8-66-spons%26sp_csd%3Dd2lkZ2V0TmFtZT1zcF9hdGZfbmV4dA%26psc%3D1
N/A,N/A,4.4,500+ bought in past month,https://www.amazon.com/Bluetooth-Headphones-Earphones-Cancelling-Waterproof/dp/B0DQXT42DR/ref=sr_1_67?dib=eyJ2IjoiMSJ9.fw-YDOtVfHmpVFHY8BILrQ-dSGecDpsrVZR2eqfhLsIfgLp5uJrdNyYEoiIHHtFApeuOVpQVh_K_4sUXDGfL7WzcvZIDdjitR3l7VSB20rxtOUY0GiOaKwCyqaXE7t2U7i8jWh5h4un3KoXtMDabNGXT4D9zU9YtEn-eka7e9U7WSfKm9JxfYz_althtupxgGBSjQjcTL0wIiIMCYk2Uz8Yjz5dlVqKQdeALW76auc8.saPpqzFhknifYbT3e6wSAZc8XKFFGVJB_4ktMx_MlDM&dib_tag=se&keywords=wireless+headphones&qid=1777479913&sr=8-67
N/A,N/A,4.9,100+ bought in past month,https://www.amazon.com/occiam-Cancelling-Bluetooth-Headphones-Waterproof/dp/B0GHFFCFRV/ref=sr_1_68?dib=eyJ2IjoiMSJ9.fw-YDOtVfHmpVFHY8BILrQ-dSGecDpsrVZR2eqfhLsIfgLp5uJrdNyYEoiIHHtFApeuOVpQVh_K_4sUXDGfL7WzcvZIDdjitR3l7VSB20rxtOUY0GiOaKwCyqaXE7t2U7i8jWh5h4un3KoXtMDabNGXT4D9zU9YtEn-eka7e9U7WSfKm9JxfYz_althtupxgGBSjQjcTL0wIiIMCYk2Uz8Yjz5dlVqKQdeALW76auc8.saPpqzFhknifYbT3e6wSAZc8XKFFGVJB_4ktMx_MlDM&dib_tag=se&keywords=wireless+headphones&qid=1777479913&sr=8-68
N/A,"2,752.",4.4,2K+ bought in past month,https://www.amazon.com/vibeadio-Cancelling-Headphones-Bluetooth-Transparency/dp/B0D14R85TZ/ref=sr_1_69?dib=eyJ2IjoiMSJ9.fw-YDOtVfHmpVFHY8BILrQ-dSGecDpsrVZR2eqfhLsIfgLp5uJrdNyYEoiIHHtFApeuOVpQVh_K_4sUXDGfL7WzcvZIDdjitR3l7VSB20rxtOUY0GiOaKwCyqaXE7t2U7i8jWh5h4un3KoXtMDabNGXT4D9zU9YtEn-eka7e9U7WSfKm9JxfYz_althtupxgGBSjQjcTL0wIiIMCYk2Uz8Yjz5dlVqKQdeALW76auc8.saPpqzFhknifYbT3e6wSAZc8XKFFGVJB_4ktMx_MlDM&dib_tag=se&keywords=wireless+headphones&qid=1777479913&sr=8-69
N/A,N/A,4.5,2K+ bought in past month,https://www.amazon.com/Raycon-Bluetooth-Headphones-Cancelling-Microphone/dp/B08TMTFR6B/ref=sr_1_70?dib=eyJ2IjoiMSJ9.fw-YDOtVfHmpVFHY8BILrQ-dSGecDpsrVZR2eqfhLsIfgLp5uJrdNyYEoiIHHtFApeuOVpQVh_K_4sUXDGfL7WzcvZIDdjitR3l7VSB20rxtOUY0GiOaKwCyqaXE7t2U7i8jWh5h4un3KoXtMDabNGXT4D9zU9YtEn-eka7e9U7WSfKm9JxfYz_althtupxgGBSjQjcTL0wIiIMCYk2Uz8Yjz5dlVqKQdeALW76auc8.saPpqzFhknifYbT3e6wSAZc8XKFFGVJB_4ktMx_MlDM&dib_tag=se&keywords=wireless+headphones&qid=1777479913&sr=8-70
N/A,N/A,4.6,500+ bought in past month,https://www.amazon.com/JBL-Tune-510BT-Ear-JBLT510BT-Black-Cloth/dp/B0D9KRNWGC/ref=sr_1_71?dib=eyJ2IjoiMSJ9.fw-YDOtVfHmpVFHY8BILrQ-dSGecDpsrVZR2eqfhLsIfgLp5uJrdNyYEoiIHHtFApeuOVpQVh_K_4sUXDGfL7WzcvZIDdjitR3l7VSB20rxtOUY0GiOaKwCyqaXE7t2U7i8jWh5h4un3KoXtMDabNGXT4D9zU9YtEn-eka7e9U7WSfKm9JxfYz_althtupxgGBSjQjcTL0wIiIMCYk2Uz8Yjz5dlVqKQdeALW76auc8.saPpqzFhknifYbT3e6wSAZc8XKFFGVJB_4ktMx_MlDM&dib_tag=se&keywords=wireless+headphones&qid=1777479913&sr=8-71
N/A,N/A,4.3,1K+ bought in past month,https://www.amazon.com/RORSOU-C6-Cancelling-Headphones-Lightweight/dp/B0F12Q56RZ/ref=sr_1_72?dib=eyJ2IjoiMSJ9.fw-YDOtVfHmpVFHY8BILrQ-dSGecDpsrVZR2eqfhLsIfgLp5uJrdNyYEoiIHHtFApeuOVpQVh_K_4sUXDGfL7WzcvZIDdjitR3l7VSB20rxtOUY0GiOaKwCyqaXE7t2U7i8jWh5h4un3KoXtMDabNGXT4D9zU9YtEn-eka7e9U7WSfKm9JxfYz_althtupxgGBSjQjcTL0wIiIMCYk2Uz8Yjz5dlVqKQdeALW76auc8.saPpqzFhknifYbT3e6wSAZc8XKFFGVJB_4ktMx_MlDM&dib_tag=se&keywords=wireless+headphones&qid=1777479913&sr=8-72
N/A,"14,223.",4.6,3K+ bought in past month,https://www.amazon.com/Skullcandy-Cancelling-Headphones-Microphone-Bluetooth/dp/B0C9L8ZR6Q/ref=sr_1_73?dib=eyJ2IjoiMSJ9.fw-YDOtVfHmpVFHY8BILrQ-dSGecDpsrVZR2eqfhLsIfgLp5uJrdNyYEoiIHHtFApeuOVpQVh_K_4sUXDGfL7WzcvZIDdjitR3l7VSB20rxtOUY0GiOaKwCyqaXE7t2U7i8jWh5h4un3KoXtMDabNGXT4D9zU9YtEn-eka7e9U7WSfKm9JxfYz_althtupxgGBSjQjcTL0wIiIMCYk2Uz8Yjz5dlVqKQdeALW76auc8.saPpqzFhknifYbT3e6wSAZc8XKFFGVJB_4ktMx_MlDM&dib_tag=se&keywords=wireless+headphones&qid=1777479913&sr=8-73
N/A,N/A,4.3,5K+ bought in past month,https://www.amazon.com/TOZO-Bluetooth-Wireless-Headphones-Waterproof/dp/B07J2Z5DBM/ref=sr_1_74?dib=eyJ2IjoiMSJ9.fw-YDOtVfHmpVFHY8BILrQ-dSGecDpsrVZR2eqfhLsIfgLp5uJrdNyYEoiIHHtFApeuOVpQVh_K_4sUXDGfL7WzcvZIDdjitR3l7VSB20rxtOUY0GiOaKwCyqaXE7t2U7i8jWh5h4un3KoXtMDabNGXT4D9zU9YtEn-eka7e9U7WSfKm9JxfYz_althtupxgGBSjQjcTL0wIiIMCYk2Uz8Yjz5dlVqKQdeALW76auc8.saPpqzFhknifYbT3e6wSAZc8XKFFGVJB_4ktMx_MlDM&dib_tag=se&keywords=wireless+headphones&qid=1777479913&sr=8-74
N/A,N/A,4.2,N/A,https://www.amazon.com/sspa/click?ie=UTF8&spc=MTo3MzEzNjA0MzYyODgwMzoxNzc3NDc5OTEzOnNwX210ZjozMDEyNjE2NzY2Njc4MDI6OjA6Og&url=%2FFisher-Cancelling-Lightweight-Comfortable-Rechargeable%2Fdp%2FB0DT2LS1MD%2Fref%3Dsr_1_75_sspa%3Fdib%3DeyJ2IjoiMSJ9.fw-YDOtVfHmpVFHY8BILrQ-dSGecDpsrVZR2eqfhLsIfgLp5uJrdNyYEoiIHHtFApeuOVpQVh_K_4sUXDGfL7WzcvZIDdjitR3l7VSB20rxtOUY0GiOaKwCyqaXE7t2U7i8jWh5h4un3KoXtMDabNGXT4D9zU9YtEn-eka7e9U7WSfKm9JxfYz_althtupxgGBSjQjcTL0wIiIMCYk2Uz8Yjz5dlVqKQdeALW76auc8.saPpqzFhknifYbT3e6wSAZc8XKFFGVJB_4ktMx_MlDM%26dib_tag%3Dse%26keywords%3Dwireless%2Bheadphones%26qid%3D1777479913%26sr%3D8-75-spons%26sp_csd%3Dd2lkZ2V0TmFtZT1zcF9tdGY%26psc%3D1
N/A,N/A,4.6,4K+ bought in past month,https://www.amazon.com/sspa/click?ie=UTF8&spc=MTo3MzEzNjA0MzYyODgwMzoxNzc3NDc5OTEzOnNwX210ZjozMDEyMzQ0NzcxMDY1MDI6OjA6Og&url=%2FPicun-B8-Bluetooth-Headphones-Hands-Free%2Fdp%2FB0CFV9XR2Q%2Fref%3Dsr_1_76_sspa%3Fdib%3DeyJ2IjoiMSJ9.fw-YDOtVfHmpVFHY8BILrQ-dSGecDpsrVZR2eqfhLsIfgLp5uJrdNyYEoiIHHtFApeuOVpQVh_K_4sUXDGfL7WzcvZIDdjitR3l7VSB20rxtOUY0GiOaKwCyqaXE7t2U7i8jWh5h4un3KoXtMDabNGXT4D9zU9YtEn-eka7e9U7WSfKm9JxfYz_althtupxgGBSjQjcTL0wIiIMCYk2Uz8Yjz5dlVqKQdeALW76auc8.saPpqzFhknifYbT3e6wSAZc8XKFFGVJB_4ktMx_MlDM%26dib_tag%3Dse%26keywords%3Dwireless%2Bheadphones%26qid%3D1777479913%26sr%3D8-76-spons%26sp_csd%3Dd2lkZ2V0TmFtZT1zcF9tdGY%26psc%3D1
N/A,"3,318.",4.3,1K+ bought in past month,https://www.amazon.com/sspa/click?ie=UTF8&spc=MTo1NDAzMzE1MTU0NTMwNjgwOjE3Nzc0Nzk5MTg6c3BfYXRmX25leHQ6MzAxMjE0MzQ2NDcwMTAyOjowOjo&url=%2FActive-Noise-Cancelling-Headphones-Comfortable%2Fdp%2FB095BV8R27%2Fref%3Dsr_1_81_sspa%3Fdib%3DeyJ2IjoiMSJ9.YYXhOV8J5EZEgkmC4lZyXEATip-3RnGXQy0N9oizOkAXex1X_hTEQ6So8qR9d-ijHARNO6z5FtSP97RXPgwbXZZNsg-TDab_sXUS8lWVrlPlkNINiS0B79pmz0QOAPnvUyXRWjeakSGjc9b0kN3CyP-fIFleAt12__DXMMkdhz30F2KJXqk57DijTvb9gKnnjsSp-zWqEFaELLaUMiBvsbE7Wa7jxODX26Paq6JklAg.U3FfpLxCejgmFlC8UD6b7JWuUOPtXbTbfGxd52TdgLY%26dib_tag%3Dse%26keywords%3Dwireless%2Bheadphones%26qid%3D1777479918%26sr%3D8-81-spons%26sp_csd%3Dd2lkZ2V0TmFtZT1zcF9hdGZfbmV4dA%26psc%3D1
N/A,N/A,4.6,N/A,https://www.amazon.com/sspa/click?ie=UTF8&spc=MTo1NDAzMzE1MTU0NTMwNjgwOjE3Nzc0Nzk5MTg6c3BfYXRmX25leHQ6MzAxMjMwODg4MTI5NzAyOjowOjo&url=%2FJLab-Wireless-Bluetooth-Headphones-Cancelling%2Fdp%2FB0FX7R5C6L%2Fref%3Dsr_1_82_sspa%3Fdib%3DeyJ2IjoiMSJ9.YYXhOV8J5EZEgkmC4lZyXEATip-3RnGXQy0N9oizOkAXex1X_hTEQ6So8qR9d-ijHARNO6z5FtSP97RXPgwbXZZNsg-TDab_sXUS8lWVrlPlkNINiS0B79pmz0QOAPnvUyXRWjeakSGjc9b0kN3CyP-fIFleAt12__DXMMkdhz30F2KJXqk57DijTvb9gKnnjsSp-zWqEFaELLaUMiBvsbE7Wa7jxODX26Paq6JklAg.U3FfpLxCejgmFlC8UD6b7JWuUOPtXbTbfGxd52TdgLY%26dib_tag%3Dse%26keywords%3Dwireless%2Bheadphones%26qid%3D1777479918%26sr%3D8-82-spons%26sp_csd%3Dd2lkZ2V0TmFtZT1zcF9hdGZfbmV4dA%26psc%3D1
N/A,N/A,4.4,2K+ bought in past month,https://www.amazon.com/LEAYU-Bluetooth-Canceling-Headphones-Multipoint/dp/B0F4DJ1CQ3/ref=sr_1_83?dib=eyJ2IjoiMSJ9.YYXhOV8J5EZEgkmC4lZyXEATip-3RnGXQy0N9oizOkAXex1X_hTEQ6So8qR9d-ijHARNO6z5FtSP97RXPgwbXZZNsg-TDab_sXUS8lWVrlPlkNINiS0B79pmz0QOAPnvUyXRWjeakSGjc9b0kN3CyP-fIFleAt12__DXMMkdhz30F2KJXqk57DijTvb9gKnnjsSp-zWqEFaELLaUMiBvsbE7Wa7jxODX26Paq6JklAg.U3FfpLxCejgmFlC8UD6b7JWuUOPtXbTbfGxd52TdgLY&dib_tag=se&keywords=wireless+headphones&qid=1777479918&sr=8-83
N/A,N/A,4.4,2K+ bought in past month,https://www.amazon.com/Logitech-Wireless-Headset-Black-Tico/dp/B081415GCS/ref=sr_1_84?dib=eyJ2IjoiMSJ9.YYXhOV8J5EZEgkmC4lZyXEATip-3RnGXQy0N9oizOkAXex1X_hTEQ6So8qR9d-ijHARNO6z5FtSP97RXPgwbXZZNsg-TDab_sXUS8lWVrlPlkNINiS0B79pmz0QOAPnvUyXRWjeakSGjc9b0kN3CyP-fIFleAt12__DXMMkdhz30F2KJXqk57DijTvb9gKnnjsSp-zWqEFaELLaUMiBvsbE7Wa7jxODX26Paq6JklAg.U3FfpLxCejgmFlC8UD6b7JWuUOPtXbTbfGxd52TdgLY&dib_tag=se&keywords=wireless+headphones&qid=1777479918&sr=8-84
N/A,N/A,4.4,2K+ bought in past month,https://www.amazon.com/Aptkdoe-Bluetooth-Headphone-Cancelling-Waterproof/dp/B0D83FXFGZ/ref=sr_1_85?dib=eyJ2IjoiMSJ9.YYXhOV8J5EZEgkmC4lZyXEATip-3RnGXQy0N9oizOkAXex1X_hTEQ6So8qR9d-ijHARNO6z5FtSP97RXPgwbXZZNsg-TDab_sXUS8lWVrlPlkNINiS0B79pmz0QOAPnvUyXRWjeakSGjc9b0kN3CyP-fIFleAt12__DXMMkdhz30F2KJXqk57DijTvb9gKnnjsSp-zWqEFaELLaUMiBvsbE7Wa7jxODX26Paq6JklAg.U3FfpLxCejgmFlC8UD6b7JWuUOPtXbTbfGxd52TdgLY&dib_tag=se&keywords=wireless+headphones&qid=1777479918&sr=8-85
N/A,N/A,4.5,3K+ bought in past month,https://www.amazon.com/JBL-TUNE-770NC-Lightweight-comfortable/dp/B0CT9XTKKM/ref=sr_1_86?dib=eyJ2IjoiMSJ9.YYXhOV8J5EZEgkmC4lZyXEATip-3RnGXQy0N9oizOkAXex1X_hTEQ6So8qR9d-ijHARNO6z5FtSP97RXPgwbXZZNsg-TDab_sXUS8lWVrlPlkNINiS0B79pmz0QOAPnvUyXRWjeakSGjc9b0kN3CyP-fIFleAt12__DXMMkdhz30F2KJXqk57DijTvb9gKnnjsSp-zWqEFaELLaUMiBvsbE7Wa7jxODX26Paq6JklAg.U3FfpLxCejgmFlC8UD6b7JWuUOPtXbTbfGxd52TdgLY&dib_tag=se&keywords=wireless+headphones&qid=1777479918&sr=8-86
N/A,N/A,4.3,500+ bought in past month,https://www.amazon.com/Bluetooth-Headphones-Cancelling-Earphones-Waterproof/dp/B09TN4MP6V/ref=sr_1_87?dib=eyJ2IjoiMSJ9.YYXhOV8J5EZEgkmC4lZyXEATip-3RnGXQy0N9oizOkAXex1X_hTEQ6So8qR9d-ijHARNO6z5FtSP97RXPgwbXZZNsg-TDab_sXUS8lWVrlPlkNINiS0B79pmz0QOAPnvUyXRWjeakSGjc9b0kN3CyP-fIFleAt12__DXMMkdhz30F2KJXqk57DijTvb9gKnnjsSp-zWqEFaELLaUMiBvsbE7Wa7jxODX26Paq6JklAg.U3FfpLxCejgmFlC8UD6b7JWuUOPtXbTbfGxd52TdgLY&dib_tag=se&keywords=wireless+headphones&qid=1777479918&sr=8-87
N/A,N/A,4.4,500+ bought in past month,https://www.amazon.com/Tatybo-Wireless-Gaming-Headset-PS4/dp/B0C5DCRRN7/ref=sr_1_88?dib=eyJ2IjoiMSJ9.YYXhOV8J5EZEgkmC4lZyXEATip-3RnGXQy0N9oizOkAXex1X_hTEQ6So8qR9d-ijHARNO6z5FtSP97RXPgwbXZZNsg-TDab_sXUS8lWVrlPlkNINiS0B79pmz0QOAPnvUyXRWjeakSGjc9b0kN3CyP-fIFleAt12__DXMMkdhz30F2KJXqk57DijTvb9gKnnjsSp-zWqEFaELLaUMiBvsbE7Wa7jxODX26Paq6JklAg.U3FfpLxCejgmFlC8UD6b7JWuUOPtXbTbfGxd52TdgLY&dib_tag=se&keywords=wireless+headphones&qid=1777479918&sr=8-88
N/A,N/A,4.4,3K+ bought in past month,https://www.amazon.com/HAOYUYAN-Bluetooth-Headphones-Waterproof-Earphones/dp/B0G6CNF8RM/ref=sr_1_89?dib=eyJ2IjoiMSJ9.YYXhOV8J5EZEgkmC4lZyXEATip-3RnGXQy0N9oizOkAXex1X_hTEQ6So8qR9d-ijHARNO6z5FtSP97RXPgwbXZZNsg-TDab_sXUS8lWVrlPlkNINiS0B79pmz0QOAPnvUyXRWjeakSGjc9b0kN3CyP-fIFleAt12__DXMMkdhz30F2KJXqk57DijTvb9gKnnjsSp-zWqEFaELLaUMiBvsbE7Wa7jxODX26Paq6JklAg.U3FfpLxCejgmFlC8UD6b7JWuUOPtXbTbfGxd52TdgLY&dib_tag=se&keywords=wireless+headphones&qid=1777479918&sr=8-89
N/A,N/A,4.5,1K+ bought in past month,https://www.amazon.com/KVIDIO-Cancelling-Headphones-Microphone-Transparency/dp/B0CFGVDDH6/ref=sr_1_90?dib=eyJ2IjoiMSJ9.YYXhOV8J5EZEgkmC4lZyXEATip-3RnGXQy0N9oizOkAXex1X_hTEQ6So8qR9d-ijHARNO6z5FtSP97RXPgwbXZZNsg-TDab_sXUS8lWVrlPlkNINiS0B79pmz0QOAPnvUyXRWjeakSGjc9b0kN3CyP-fIFleAt12__DXMMkdhz30F2KJXqk57DijTvb9gKnnjsSp-zWqEFaELLaUMiBvsbE7Wa7jxODX26Paq6JklAg.U3FfpLxCejgmFlC8UD6b7JWuUOPtXbTbfGxd52TdgLY&dib_tag=se&keywords=wireless+headphones&qid=1777479918&sr=8-90
N/A,N/A,4.2,N/A,https://www.amazon.com/sspa/click?ie=UTF8&spc=MTo1NDAzMzE1MTU0NTMwNjgwOjE3Nzc0Nzk5MTg6c3BfbXRmOjMwMTI2MTY3NjY2NzgwMjo6MDo6&url=%2FFisher-Cancelling-Lightweight-Comfortable-Rechargeable%2Fdp%2FB0DT2LS1MD%2Fref%3Dsr_1_91_sspa%3Fdib%3DeyJ2IjoiMSJ9.YYXhOV8J5EZEgkmC4lZyXEATip-3RnGXQy0N9oizOkAXex1X_hTEQ6So8qR9d-ijHARNO6z5FtSP97RXPgwbXZZNsg-TDab_sXUS8lWVrlPlkNINiS0B79pmz0QOAPnvUyXRWjeakSGjc9b0kN3CyP-fIFleAt12__DXMMkdhz30F2KJXqk57DijTvb9gKnnjsSp-zWqEFaELLaUMiBvsbE7Wa7jxODX26Paq6JklAg.U3FfpLxCejgmFlC8UD6b7JWuUOPtXbTbfGxd52TdgLY%26dib_tag%3Dse%26keywords%3Dwireless%2Bheadphones%26qid%3D1777479918%26sr%3D8-91-spons%26sp_csd%3Dd2lkZ2V0TmFtZT1zcF9tdGY%26psc%3D1
N/A,N/A,4.4,100+ bought in past month,https://www.amazon.com/sspa/click?ie=UTF8&spc=MTo1NDAzMzE1MTU0NTMwNjgwOjE3Nzc0Nzk5MTg6c3BfbXRmOjMwMTI0NjY5MTY4NDEwMjo6MDo6&url=%2FDEMICEA-Headphones-Conduction-Earphones-Resistant%2Fdp%2FB0G4W9NLCZ%2Fref%3Dsr_1_92_sspa%3Fdib%3DeyJ2IjoiMSJ9.YYXhOV8J5EZEgkmC4lZyXEATip-3RnGXQy0N9oizOkAXex1X_hTEQ6So8qR9d-ijHARNO6z5FtSP97RXPgwbXZZNsg-TDab_sXUS8lWVrlPlkNINiS0B79pmz0QOAPnvUyXRWjeakSGjc9b0kN3CyP-fIFleAt12__DXMMkdhz30F2KJXqk57DijTvb9gKnnjsSp-zWqEFaELLaUMiBvsbE7Wa7jxODX26Paq6JklAg.U3FfpLxCejgmFlC8UD6b7JWuUOPtXbTbfGxd52TdgLY%26dib_tag%3Dse%26keywords%3Dwireless%2Bheadphones%26qid%3D1777479918%26sr%3D8-92-spons%26sp_csd%3Dd2lkZ2V0TmFtZT1zcF9tdGY%26psc%3D1
N/A,"3,318.",4.3,1K+ bought in past month,https://www.amazon.com/sspa/click?ie=UTF8&spc=MTo3NTkzNTE1MzU1NDU1Njk2OjE3Nzc0Nzk5MjI6c3BfYXRmX25leHQ6MzAxMjE0MzQ2NDcwMTAyOjowOjo&url=%2FActive-Noise-Cancelling-Headphones-Comfortable%2Fdp%2FB095BV8R27%2Fref%3Dsr_1_97_sspa%3Fdib%3DeyJ2IjoiMSJ9.ROhvpz0CJ6uEF8J-0EID4q_8y9e_bIgipy1BvWKpXOIL1VWgRGII-gE9yXEgaHxCgfcdok4OICcyXuJ8QbQ6yA5Jm2Xxdh24gLW7JfOqdjRrrU8cusEMNWW1_RDE9DLcMulQ1RJVmIdwovcp3qS0at1OeR0jWjuKdcO6QGn6H7lykYce_LRAo-uVZxEFsRUULDMiCc8qoHgX3xK5zwx6AU0GzqTWkTMIW3SIqEBys5w.EKYAg3XECWHi7_EXzVSeqB8m52H0c-lbCS_YdY4zZ4Y%26dib_tag%3Dse%26keywords%3Dwireless%2Bheadphones%26qid%3D1777479922%26sr%3D8-97-spons%26sp_csd%3Dd2lkZ2V0TmFtZT1zcF9hdGZfbmV4dA%26psc%3D1
N/A,N/A,4.4,100+ bought in past month,https://www.amazon.com/sspa/click?ie=UTF8&spc=MTo3NTkzNTE1MzU1NDU1Njk2OjE3Nzc0Nzk5MjI6c3BfYXRmX25leHQ6MzAxMjQ2NjkxNjg0MTAyOjowOjo&url=%2FDEMICEA-Headphones-Conduction-Earphones-Resistant%2Fdp%2FB0G4W9NLCZ%2Fref%3Dsr_1_98_sspa%3Fdib%3DeyJ2IjoiMSJ9.ROhvpz0CJ6uEF8J-0EID4q_8y9e_bIgipy1BvWKpXOIL1VWgRGII-gE9yXEgaHxCgfcdok4OICcyXuJ8QbQ6yA5Jm2Xxdh24gLW7JfOqdjRrrU8cusEMNWW1_RDE9DLcMulQ1RJVmIdwovcp3qS0at1OeR0jWjuKdcO6QGn6H7lykYce_LRAo-uVZxEFsRUULDMiCc8qoHgX3xK5zwx6AU0GzqTWkTMIW3SIqEBys5w.EKYAg3XECWHi7_EXzVSeqB8m52H0c-lbCS_YdY4zZ4Y%26dib_tag%3Dse%26keywords%3Dwireless%2Bheadphones%26qid%3D1777479922%26sr%3D8-98-spons%26sp_csd%3Dd2lkZ2V0TmFtZT1zcF9hdGZfbmV4dA%26psc%3D1
N/A,N/A,4.4,1K+ bought in past month,https://www.amazon.com/BERIBES-Cancelling-Transparent-Soft-Earpads-Charging-Black/dp/B0CDC4X65Q/ref=sr_1_99?dib=eyJ2IjoiMSJ9.ROhvpz0CJ6uEF8J-0EID4q_8y9e_bIgipy1BvWKpXOIL1VWgRGII-gE9yXEgaHxCgfcdok4OICcyXuJ8QbQ6yA5Jm2Xxdh24gLW7JfOqdjRrrU8cusEMNWW1_RDE9DLcMulQ1RJVmIdwovcp3qS0at1OeR0jWjuKdcO6QGn6H7lykYce_LRAo-uVZxEFsRUULDMiCc8qoHgX3xK5zwx6AU0GzqTWkTMIW3SIqEBys5w.EKYAg3XECWHi7_EXzVSeqB8m52H0c-lbCS_YdY4zZ4Y&dib_tag=se&keywords=wireless+headphones&qid=1777479922&sr=8-99
N/A,N/A,4.3,1K+ bought in past month,https://www.amazon.com/Soundcore-Open-Ear-Headphones-Adjustable-Bluetooth/dp/B0DCZ2QFV8/ref=sr_1_100?dib=eyJ2IjoiMSJ9.ROhvpz0CJ6uEF8J-0EID4q_8y9e_bIgipy1BvWKpXOIL1VWgRGII-gE9yXEgaHxCgfcdok4OICcyXuJ8QbQ6yA5Jm2Xxdh24gLW7JfOqdjRrrU8cusEMNWW1_RDE9DLcMulQ1RJVmIdwovcp3qS0at1OeR0jWjuKdcO6QGn6H7lykYce_LRAo-uVZxEFsRUULDMiCc8qoHgX3xK5zwx6AU0GzqTWkTMIW3SIqEBys5w.EKYAg3XECWHi7_EXzVSeqB8m52H0c-lbCS_YdY4zZ4Y&dib_tag=se&keywords=wireless+headphones&qid=1777479922&sr=8-100
N/A,N/A,4.6,50+ bought in past month,https://www.amazon.com/Monster-Bluetooth-Headphones-Lightweight-Cellphone/dp/B0GFW1J3DC/ref=sr_1_101?dib=eyJ2IjoiMSJ9.ROhvpz0CJ6uEF8J-0EID4q_8y9e_bIgipy1BvWKpXOIL1VWgRGII-gE9yXEgaHxCgfcdok4OICcyXuJ8QbQ6yA5Jm2Xxdh24gLW7JfOqdjRrrU8cusEMNWW1_RDE9DLcMulQ1RJVmIdwovcp3qS0at1OeR0jWjuKdcO6QGn6H7lykYce_LRAo-uVZxEFsRUULDMiCc8qoHgX3xK5zwx6AU0GzqTWkTMIW3SIqEBys5w.EKYAg3XECWHi7_EXzVSeqB8m52H0c-lbCS_YdY4zZ4Y&dib_tag=se&keywords=wireless+headphones&qid=1777479922&sr=8-101
N/A,"2,551.",4.5,500+ bought in past month,https://www.amazon.com/Bluetooth-Headphones-Cancelling-Waterproof-Earphones/dp/B0DC95VBG5/ref=sr_1_102?dib=eyJ2IjoiMSJ9.ROhvpz0CJ6uEF8J-0EID4q_8y9e_bIgipy1BvWKpXOIL1VWgRGII-gE9yXEgaHxCgfcdok4OICcyXuJ8QbQ6yA5Jm2Xxdh24gLW7JfOqdjRrrU8cusEMNWW1_RDE9DLcMulQ1RJVmIdwovcp3qS0at1OeR0jWjuKdcO6QGn6H7lykYce_LRAo-uVZxEFsRUULDMiCc8qoHgX3xK5zwx6AU0GzqTWkTMIW3SIqEBys5w.EKYAg3XECWHi7_EXzVSeqB8m52H0c-lbCS_YdY4zZ4Y&dib_tag=se&keywords=wireless+headphones&qid=1777479922&sr=8-102
N/A,N/A,4.4,3K+ bought in past month,https://www.amazon.com/Headphone-Bluetooth-Wireless-Protection-Cellphone/dp/B07W4WCF5P/ref=sr_1_103?dib=eyJ2IjoiMSJ9.ROhvpz0CJ6uEF8J-0EID4q_8y9e_bIgipy1BvWKpXOIL1VWgRGII-gE9yXEgaHxCgfcdok4OICcyXuJ8QbQ6yA5Jm2Xxdh24gLW7JfOqdjRrrU8cusEMNWW1_RDE9DLcMulQ1RJVmIdwovcp3qS0at1OeR0jWjuKdcO6QGn6H7lykYce_LRAo-uVZxEFsRUULDMiCc8qoHgX3xK5zwx6AU0GzqTWkTMIW3SIqEBys5w.EKYAg3XECWHi7_EXzVSeqB8m52H0c-lbCS_YdY4zZ4Y&dib_tag=se&keywords=wireless+headphones&qid=1777479922&sr=8-103
N/A,N/A,4.1,400+ bought in past month,https://www.amazon.com/NANAMI-Bluetooth-Headphones-Waterproof-Cancelling/dp/B07H7X7J75/ref=sr_1_104?dib=eyJ2IjoiMSJ9.ROhvpz0CJ6uEF8J-0EID4q_8y9e_bIgipy1BvWKpXOIL1VWgRGII-gE9yXEgaHxCgfcdok4OICcyXuJ8QbQ6yA5Jm2Xxdh24gLW7JfOqdjRrrU8cusEMNWW1_RDE9DLcMulQ1RJVmIdwovcp3qS0at1OeR0jWjuKdcO6QGn6H7lykYce_LRAo-uVZxEFsRUULDMiCc8qoHgX3xK5zwx6AU0GzqTWkTMIW3SIqEBys5w.EKYAg3XECWHi7_EXzVSeqB8m52H0c-lbCS_YdY4zZ4Y&dib_tag=se&keywords=wireless+headphones&qid=1777479922&sr=8-104
N/A,N/A,4.3,5K+ bought in past month,https://www.amazon.com/Ozeino-2-4GHz-Wireless-Gaming-Headset/dp/B0C4F9JGTJ/ref=sr_1_105?dib=eyJ2IjoiMSJ9.ROhvpz0CJ6uEF8J-0EID4q_8y9e_bIgipy1BvWKpXOIL1VWgRGII-gE9yXEgaHxCgfcdok4OICcyXuJ8QbQ6yA5Jm2Xxdh24gLW7JfOqdjRrrU8cusEMNWW1_RDE9DLcMulQ1RJVmIdwovcp3qS0at1OeR0jWjuKdcO6QGn6H7lykYce_LRAo-uVZxEFsRUULDMiCc8qoHgX3xK5zwx6AU0GzqTWkTMIW3SIqEBys5w.EKYAg3XECWHi7_EXzVSeqB8m52H0c-lbCS_YdY4zZ4Y&dib_tag=se&keywords=wireless+headphones&qid=1777479922&sr=8-105
N/A,N/A,4.4,1K+ bought in past month,https://www.amazon.com/HEIBAS-Bluetooth-Microphone-Hand-Free-Headphones/dp/B0BG28NB7S/ref=sr_1_106?dib=eyJ2IjoiMSJ9.ROhvpz0CJ6uEF8J-0EID4q_8y9e_bIgipy1BvWKpXOIL1VWgRGII-gE9yXEgaHxCgfcdok4OICcyXuJ8QbQ6yA5Jm2Xxdh24gLW7JfOqdjRrrU8cusEMNWW1_RDE9DLcMulQ1RJVmIdwovcp3qS0at1OeR0jWjuKdcO6QGn6H7lykYce_LRAo-uVZxEFsRUULDMiCc8qoHgX3xK5zwx6AU0GzqTWkTMIW3SIqEBys5w.EKYAg3XECWHi7_EXzVSeqB8m52H0c-lbCS_YdY4zZ4Y&dib_tag=se&keywords=wireless+headphones&qid=1777479922&sr=8-106
N/A,N/A,4.6,N/A,https://www.amazon.com/sspa/click?ie=UTF8&spc=MTo3NTkzNTE1MzU1NDU1Njk2OjE3Nzc0Nzk5MjI6c3BfbXRmOjMwMTIzMDg4ODEyOTcwMjo6MDo6&url=%2FJLab-Wireless-Bluetooth-Headphones-Cancelling%2Fdp%2FB0FX7R5C6L%2Fref%3Dsr_1_107_sspa%3Fdib%3DeyJ2IjoiMSJ9.ROhvpz0CJ6uEF8J-0EID4q_8y9e_bIgipy1BvWKpXOIL1VWgRGII-gE9yXEgaHxCgfcdok4OICcyXuJ8QbQ6yA5Jm2Xxdh24gLW7JfOqdjRrrU8cusEMNWW1_RDE9DLcMulQ1RJVmIdwovcp3qS0at1OeR0jWjuKdcO6QGn6H7lykYce_LRAo-uVZxEFsRUULDMiCc8qoHgX3xK5zwx6AU0GzqTWkTMIW3SIqEBys5w.EKYAg3XECWHi7_EXzVSeqB8m52H0c-lbCS_YdY4zZ4Y%26dib_tag%3Dse%26keywords%3Dwireless%2Bheadphones%26qid%3D1777479922%26sr%3D8-107-spons%26sp_csd%3Dd2lkZ2V0TmFtZT1zcF9tdGY%26psc%3D1
N/A,N/A,4.1,1K+ bought in past month,https://www.amazon.com/sspa/click?ie=UTF8&spc=MTo3NTkzNTE1MzU1NDU1Njk2OjE3Nzc0Nzk5MjI6c3BfbXRmOjMwMDM4NTcyMzE0OTUwMjo6MDo6&url=%2FJLab-Wireless-Featuring-Bluetooth-Playtime%2Fdp%2FB0CYP8G8DT%2Fref%3Dsr_1_108_sspa%3Fdib%3DeyJ2IjoiMSJ9.ROhvpz0CJ6uEF8J-0EID4q_8y9e_bIgipy1BvWKpXOIL1VWgRGII-gE9yXEgaHxCgfcdok4OICcyXuJ8QbQ6yA5Jm2Xxdh24gLW7JfOqdjRrrU8cusEMNWW1_RDE9DLcMulQ1RJVmIdwovcp3qS0at1OeR0jWjuKdcO6QGn6H7lykYce_LRAo-uVZxEFsRUULDMiCc8qoHgX3xK5zwx6AU0GzqTWkTMIW3SIqEBys5w.EKYAg3XECWHi7_EXzVSeqB8m52H0c-lbCS_YdY4zZ4Y%26dib_tag%3Dse%26keywords%3Dwireless%2Bheadphones%26qid%3D1777479922%26sr%3D8-108-spons%26sp_csd%3Dd2lkZ2V0TmFtZT1zcF9tdGY%26psc%3D1
N/A,"3,318.",4.3,1K+ bought in past month,https://www.amazon.com/sspa/click?ie=UTF8&spc=MTo4MTA2MzQwODA2ODE4Njc3OjE3Nzc0Nzk5Mjc6c3BfYXRmX25leHQ6MzAxMjE0MzQ2NDcwMTAyOjowOjo&url=%2FActive-Noise-Cancelling-Headphones-Comfortable%2Fdp%2FB095BV8R27%2Fref%3Dsr_1_113_sspa%3Fdib%3DeyJ2IjoiMSJ9.76k27ijMLyuylmg940u_rpMnwpC-CFV3KY6UiyYnpHPnO9ba6n80PL_wfu-MwvL9yUngkXqvR_kexgo9wfKuRiUcaUFIcSKfiDMIdaR9k6doui94XGJF-jYFF3_oFueII_PiDxtwxF5pQOo_3ysEd7iKZYicLhJEGx-_yBgIk3H1rkPv9JEnrYXvBZHfMkCufSJ3mSwaLBu1tK32-4t1MOqITWtM92YHp0wMrVHMJgc.OKVLoTu-kyb98cZo7b6fZKXGd7wCQzAWbTN1WiD_RQw%26dib_tag%3Dse%26keywords%3Dwireless%2Bheadphones%26qid%3D1777479927%26sr%3D8-113-spons%26sp_csd%3Dd2lkZ2V0TmFtZT1zcF9hdGZfbmV4dA%26psc%3D1
N/A,N/A,4.6,4K+ bought in past month,https://www.amazon.com/sspa/click?ie=UTF8&spc=MTo4MTA2MzQwODA2ODE4Njc3OjE3Nzc0Nzk5Mjc6c3BfYXRmX25leHQ6MzAxMjM0NDc3MTA2NTAyOjowOjo&url=%2FPicun-B8-Bluetooth-Headphones-Hands-Free%2Fdp%2FB0CFV9XR2Q%2Fref%3Dsr_1_114_sspa%3Fdib%3DeyJ2IjoiMSJ9.76k27ijMLyuylmg940u_rpMnwpC-CFV3KY6UiyYnpHPnO9ba6n80PL_wfu-MwvL9yUngkXqvR_kexgo9wfKuRiUcaUFIcSKfiDMIdaR9k6doui94XGJF-jYFF3_oFueII_PiDxtwxF5pQOo_3ysEd7iKZYicLhJEGx-_yBgIk3H1rkPv9JEnrYXvBZHfMkCufSJ3mSwaLBu1tK32-4t1MOqITWtM92YHp0wMrVHMJgc.OKVLoTu-kyb98cZo7b6fZKXGd7wCQzAWbTN1WiD_RQw%26dib_tag%3Dse%26keywords%3Dwireless%2Bheadphones%26qid%3D1777479927%26sr%3D8-114-spons%26sp_csd%3Dd2lkZ2V0TmFtZT1zcF9hdGZfbmV4dA%26psc%3D1
N/A,N/A,4.4,2K+ bought in past month,https://www.amazon.com/foxotin-Buds-Wireless-Earbuds-Workout-Black/dp/B0G6B1BKGG/ref=sr_1_115?dib=eyJ2IjoiMSJ9.76k27ijMLyuylmg940u_rpMnwpC-CFV3KY6UiyYnpHPnO9ba6n80PL_wfu-MwvL9yUngkXqvR_kexgo9wfKuRiUcaUFIcSKfiDMIdaR9k6doui94XGJF-jYFF3_oFueII_PiDxtwxF5pQOo_3ysEd7iKZYicLhJEGx-_yBgIk3H1rkPv9JEnrYXvBZHfMkCufSJ3mSwaLBu1tK32-4t1MOqITWtM92YHp0wMrVHMJgc.OKVLoTu-kyb98cZo7b6fZKXGd7wCQzAWbTN1WiD_RQw&dib_tag=se&keywords=wireless+headphones&qid=1777479927&sr=8-115
N/A,N/A,4.2,500+ bought in past month,https://www.amazon.com/Soundcore-Headphones-AI-Enhanced-Lightweight-Water-Resistant/dp/B0CBTQL2LG/ref=sr_1_116?dib=eyJ2IjoiMSJ9.76k27ijMLyuylmg940u_rpMnwpC-CFV3KY6UiyYnpHPnO9ba6n80PL_wfu-MwvL9yUngkXqvR_kexgo9wfKuRiUcaUFIcSKfiDMIdaR9k6doui94XGJF-jYFF3_oFueII_PiDxtwxF5pQOo_3ysEd7iKZYicLhJEGx-_yBgIk3H1rkPv9JEnrYXvBZHfMkCufSJ3mSwaLBu1tK32-4t1MOqITWtM92YHp0wMrVHMJgc.OKVLoTu-kyb98cZo7b6fZKXGd7wCQzAWbTN1WiD_RQw&dib_tag=se&keywords=wireless+headphones&qid=1777479927&sr=8-116
N/A,N/A,4.5,3K+ bought in past month,https://www.amazon.com/Shokz-OpenRun-Pro-Conduction-Built/dp/B09BVXT8TJ/ref=sr_1_117?dib=eyJ2IjoiMSJ9.76k27ijMLyuylmg940u_rpMnwpC-CFV3KY6UiyYnpHPnO9ba6n80PL_wfu-MwvL9yUngkXqvR_kexgo9wfKuRiUcaUFIcSKfiDMIdaR9k6doui94XGJF-jYFF3_oFueII_PiDxtwxF5pQOo_3ysEd7iKZYicLhJEGx-_yBgIk3H1rkPv9JEnrYXvBZHfMkCufSJ3mSwaLBu1tK32-4t1MOqITWtM92YHp0wMrVHMJgc.OKVLoTu-kyb98cZo7b6fZKXGd7wCQzAWbTN1WiD_RQw&dib_tag=se&keywords=wireless+headphones&qid=1777479927&sr=8-117
N/A,N/A,4.2,1K+ bought in past month,https://www.amazon.com/Lecefty-Bluetooth-Headphones-Microphone-Waterproof/dp/B0CSZXFS73/ref=sr_1_118?dib=eyJ2IjoiMSJ9.76k27ijMLyuylmg940u_rpMnwpC-CFV3KY6UiyYnpHPnO9ba6n80PL_wfu-MwvL9yUngkXqvR_kexgo9wfKuRiUcaUFIcSKfiDMIdaR9k6doui94XGJF-jYFF3_oFueII_PiDxtwxF5pQOo_3ysEd7iKZYicLhJEGx-_yBgIk3H1rkPv9JEnrYXvBZHfMkCufSJ3mSwaLBu1tK32-4t1MOqITWtM92YHp0wMrVHMJgc.OKVLoTu-kyb98cZo7b6fZKXGd7wCQzAWbTN1WiD_RQw&dib_tag=se&keywords=wireless+headphones&qid=1777479927&sr=8-118
N/A,N/A,4.5,100+ bought in past month,https://www.amazon.com/JBL-TUNE-670NC-Ear-Lightweight/dp/B0CT9SBLHN/ref=sr_1_119?dib=eyJ2IjoiMSJ9.76k27ijMLyuylmg940u_rpMnwpC-CFV3KY6UiyYnpHPnO9ba6n80PL_wfu-MwvL9yUngkXqvR_kexgo9wfKuRiUcaUFIcSKfiDMIdaR9k6doui94XGJF-jYFF3_oFueII_PiDxtwxF5pQOo_3ysEd7iKZYicLhJEGx-_yBgIk3H1rkPv9JEnrYXvBZHfMkCufSJ3mSwaLBu1tK32-4t1MOqITWtM92YHp0wMrVHMJgc.OKVLoTu-kyb98cZo7b6fZKXGd7wCQzAWbTN1WiD_RQw&dib_tag=se&keywords=wireless+headphones&qid=1777479927&sr=8-119
N/A,N/A,4.4,100+ bought in past month,https://www.amazon.com/WH-CH520-Wireless-Bluetooth-Headphones-Microphone/dp/B0CFSKN2LW/ref=sr_1_120?dib=eyJ2IjoiMSJ9.76k27ijMLyuylmg940u_rpMnwpC-CFV3KY6UiyYnpHPnO9ba6n80PL_wfu-MwvL9yUngkXqvR_kexgo9wfKuRiUcaUFIcSKfiDMIdaR9k6doui94XGJF-jYFF3_oFueII_PiDxtwxF5pQOo_3ysEd7iKZYicLhJEGx-_yBgIk3H1rkPv9JEnrYXvBZHfMkCufSJ3mSwaLBu1tK32-4t1MOqITWtM92YHp0wMrVHMJgc.OKVLoTu-kyb98cZo7b6fZKXGd7wCQzAWbTN1WiD_RQw&dib_tag=se&keywords=wireless+headphones&qid=1777479927&sr=8-120
N/A,N/A,4.7,500+ bought in past month,https://www.amazon.com/BUGANI-Headphones-Bluetooth-Cancelling-Waterproof/dp/B0GR59J6X5/ref=sr_1_121?dib=eyJ2IjoiMSJ9.76k27ijMLyuylmg940u_rpMnwpC-CFV3KY6UiyYnpHPnO9ba6n80PL_wfu-MwvL9yUngkXqvR_kexgo9wfKuRiUcaUFIcSKfiDMIdaR9k6doui94XGJF-jYFF3_oFueII_PiDxtwxF5pQOo_3ysEd7iKZYicLhJEGx-_yBgIk3H1rkPv9JEnrYXvBZHfMkCufSJ3mSwaLBu1tK32-4t1MOqITWtM92YHp0wMrVHMJgc.OKVLoTu-kyb98cZo7b6fZKXGd7wCQzAWbTN1WiD_RQw&dib_tag=se&keywords=wireless+headphones&qid=1777479927&sr=8-121
N/A,N/A,4.3,500+ bought in past month,https://www.amazon.com/Bluetooth-Headphones-Waterproof-Earphones-Cancelling/dp/B09CYL1C2X/ref=sr_1_122?dib=eyJ2IjoiMSJ9.76k27ijMLyuylmg940u_rpMnwpC-CFV3KY6UiyYnpHPnO9ba6n80PL_wfu-MwvL9yUngkXqvR_kexgo9wfKuRiUcaUFIcSKfiDMIdaR9k6doui94XGJF-jYFF3_oFueII_PiDxtwxF5pQOo_3ysEd7iKZYicLhJEGx-_yBgIk3H1rkPv9JEnrYXvBZHfMkCufSJ3mSwaLBu1tK32-4t1MOqITWtM92YHp0wMrVHMJgc.OKVLoTu-kyb98cZo7b6fZKXGd7wCQzAWbTN1WiD_RQw&dib_tag=se&keywords=wireless+headphones&qid=1777479927&sr=8-122
N/A,N/A,4.6,N/A,https://www.amazon.com/sspa/click?ie=UTF8&spc=MTo4MTA2MzQwODA2ODE4Njc3OjE3Nzc0Nzk5Mjc6c3BfbXRmOjMwMTIzMDg4ODEyOTcwMjo6MDo6&url=%2FJLab-Wireless-Bluetooth-Headphones-Cancelling%2Fdp%2FB0FX7R5C6L%2Fref%3Dsr_1_123_sspa%3Fdib%3DeyJ2IjoiMSJ9.76k27ijMLyuylmg940u_rpMnwpC-CFV3KY6UiyYnpHPnO9ba6n80PL_wfu-MwvL9yUngkXqvR_kexgo9wfKuRiUcaUFIcSKfiDMIdaR9k6doui94XGJF-jYFF3_oFueII_PiDxtwxF5pQOo_3ysEd7iKZYicLhJEGx-_yBgIk3H1rkPv9JEnrYXvBZHfMkCufSJ3mSwaLBu1tK32-4t1MOqITWtM92YHp0wMrVHMJgc.OKVLoTu-kyb98cZo7b6fZKXGd7wCQzAWbTN1WiD_RQw%26dib_tag%3Dse%26keywords%3Dwireless%2Bheadphones%26qid%3D1777479927%26sr%3D8-123-spons%26sp_csd%3Dd2lkZ2V0TmFtZT1zcF9tdGY%26psc%3D1
N/A,N/A,4.2,N/A,https://www.amazon.com/sspa/click?ie=UTF8&spc=MTo4MTA2MzQwODA2ODE4Njc3OjE3Nzc0Nzk5Mjc6c3BfbXRmOjMwMTI2MTY3NjY2NzgwMjo6MDo6&url=%2FFisher-Cancelling-Lightweight-Comfortable-Rechargeable%2Fdp%2FB0DT2LS1MD%2Fref%3Dsr_1_124_sspa%3Fdib%3DeyJ2IjoiMSJ9.76k27ijMLyuylmg940u_rpMnwpC-CFV3KY6UiyYnpHPnO9ba6n80PL_wfu-MwvL9yUngkXqvR_kexgo9wfKuRiUcaUFIcSKfiDMIdaR9k6doui94XGJF-jYFF3_oFueII_PiDxtwxF5pQOo_3ysEd7iKZYicLhJEGx-_yBgIk3H1rkPv9JEnrYXvBZHfMkCufSJ3mSwaLBu1tK32-4t1MOqITWtM92YHp0wMrVHMJgc.OKVLoTu-kyb98cZo7b6fZKXGd7wCQzAWbTN1WiD_RQw%26dib_tag%3Dse%26keywords%3Dwireless%2Bheadphones%26qid%3D1777479927%26sr%3D8-124-spons%26sp_csd%3Dd2lkZ2V0TmFtZT1zcF9tdGY%26psc%3D1
N/A,"3,318.",4.3,1K+ bought in past month,https://www.amazon.com/sspa/click?ie=UTF8&spc=MTo3ODc2NzMzMjIyMTIxMzQxOjE3Nzc0Nzk5MzE6c3BfYXRmX25leHQ6MzAxMjE0MzQ2NDcwMTAyOjowOjo&url=%2FActive-Noise-Cancelling-Headphones-Comfortable%2Fdp%2FB095BV8R27%2Fref%3Dsr_1_129_sspa%3Fdib%3DeyJ2IjoiMSJ9.5MSZxUTHjuJDchsmRHEk-otGwyJ9ejwTSWAJRzqOoN_SeIMSCQO5HgZUAYXhnhyhZZ_NVGU2hCTCx0KQeXnp70CRWiazfeOkTfdj8AOIs5Ba4dzjj1lr2_gRNJa3Lchnb5JXdRvSXAWdBOk4WRAfjMTUDYHB4QvUaccMuvSV6lqiKILO-ClGIVZt8M2yEuyJjXciwdOfn3b17S1i67jAc4Dh8FW33KSE6jKmE5-ictY.fqdAO6NnwohatatKDQcnDKka2BqxAupsymnla7o4854%26dib_tag%3Dse%26keywords%3Dwireless%2Bheadphones%26qid%3D1777479931%26sr%3D8-129-spons%26sp_csd%3Dd2lkZ2V0TmFtZT1zcF9hdGZfbmV4dA%26psc%3D1
N/A,N/A,4.6,N/A,https://www.amazon.com/sspa/click?ie=UTF8&spc=MTo3ODc2NzMzMjIyMTIxMzQxOjE3Nzc0Nzk5MzE6c3BfYXRmX25leHQ6MzAxMjMwODg4MTI5NzAyOjowOjo&url=%2FJLab-Wireless-Bluetooth-Headphones-Cancelling%2Fdp%2FB0FX7R5C6L%2Fref%3Dsr_1_130_sspa%3Fdib%3DeyJ2IjoiMSJ9.5MSZxUTHjuJDchsmRHEk-otGwyJ9ejwTSWAJRzqOoN_SeIMSCQO5HgZUAYXhnhyhZZ_NVGU2hCTCx0KQeXnp70CRWiazfeOkTfdj8AOIs5Ba4dzjj1lr2_gRNJa3Lchnb5JXdRvSXAWdBOk4WRAfjMTUDYHB4QvUaccMuvSV6lqiKILO-ClGIVZt8M2yEuyJjXciwdOfn3b17S1i67jAc4Dh8FW33KSE6jKmE5-ictY.fqdAO6NnwohatatKDQcnDKka2BqxAupsymnla7o4854%26dib_tag%3Dse%26keywords%3Dwireless%2Bheadphones%26qid%3D1777479931%26sr%3D8-130-spons%26sp_csd%3Dd2lkZ2V0TmFtZT1zcF9hdGZfbmV4dA%26psc%3D1
N/A,N/A,4.3,1K+ bought in past month,https://www.amazon.com/TOZO-OpenEarRing-Headphones-Lightweight-Bluetooth/dp/B0DHVFGGGR/ref=sr_1_131?dib=eyJ2IjoiMSJ9.5MSZxUTHjuJDchsmRHEk-otGwyJ9ejwTSWAJRzqOoN_SeIMSCQO5HgZUAYXhnhyhZZ_NVGU2hCTCx0KQeXnp70CRWiazfeOkTfdj8AOIs5Ba4dzjj1lr2_gRNJa3Lchnb5JXdRvSXAWdBOk4WRAfjMTUDYHB4QvUaccMuvSV6lqiKILO-ClGIVZt8M2yEuyJjXciwdOfn3b17S1i67jAc4Dh8FW33KSE6jKmE5-ictY.fqdAO6NnwohatatKDQcnDKka2BqxAupsymnla7o4854&dib_tag=se&keywords=wireless+headphones&qid=1777479931&sr=8-131
N/A,N/A,4.3,3K+ bought in past month,https://www.amazon.com/HomeSpot-Reduction-Headphones-Cancelling-Compliant/dp/B0BJ2PV4Z7/ref=sr_1_132?dib=eyJ2IjoiMSJ9.5MSZxUTHjuJDchsmRHEk-otGwyJ9ejwTSWAJRzqOoN_SeIMSCQO5HgZUAYXhnhyhZZ_NVGU2hCTCx0KQeXnp70CRWiazfeOkTfdj8AOIs5Ba4dzjj1lr2_gRNJa3Lchnb5JXdRvSXAWdBOk4WRAfjMTUDYHB4QvUaccMuvSV6lqiKILO-ClGIVZt8M2yEuyJjXciwdOfn3b17S1i67jAc4Dh8FW33KSE6jKmE5-ictY.fqdAO6NnwohatatKDQcnDKka2BqxAupsymnla7o4854&dib_tag=se&keywords=wireless+headphones&qid=1777479931&sr=8-132
N/A,N/A,4.4,400+ bought in past month,https://www.amazon.com/YUMONDEAR-Bluetooth-Headphones-Playtime-Headphone/dp/B0DJ8RRKVX/ref=sr_1_133?dib=eyJ2IjoiMSJ9.5MSZxUTHjuJDchsmRHEk-otGwyJ9ejwTSWAJRzqOoN_SeIMSCQO5HgZUAYXhnhyhZZ_NVGU2hCTCx0KQeXnp70CRWiazfeOkTfdj8AOIs5Ba4dzjj1lr2_gRNJa3Lchnb5JXdRvSXAWdBOk4WRAfjMTUDYHB4QvUaccMuvSV6lqiKILO-ClGIVZt8M2yEuyJjXciwdOfn3b17S1i67jAc4Dh8FW33KSE6jKmE5-ictY.fqdAO6NnwohatatKDQcnDKka2BqxAupsymnla7o4854&dib_tag=se&keywords=wireless+headphones&qid=1777479931&sr=8-133
N/A,N/A,4.2,1K+ bought in past month,https://www.amazon.com/Sony-WH-1000XM5-Headphones-Hands-Free-WH1000XM5/dp/B0BXYCS74H/ref=sr_1_134?dib=eyJ2IjoiMSJ9.5MSZxUTHjuJDchsmRHEk-otGwyJ9ejwTSWAJRzqOoN_SeIMSCQO5HgZUAYXhnhyhZZ_NVGU2hCTCx0KQeXnp70CRWiazfeOkTfdj8AOIs5Ba4dzjj1lr2_gRNJa3Lchnb5JXdRvSXAWdBOk4WRAfjMTUDYHB4QvUaccMuvSV6lqiKILO-ClGIVZt8M2yEuyJjXciwdOfn3b17S1i67jAc4Dh8FW33KSE6jKmE5-ictY.fqdAO6NnwohatatKDQcnDKka2BqxAupsymnla7o4854&dib_tag=se&keywords=wireless+headphones&qid=1777479931&sr=8-134
N/A,N/A,4.4,1K+ bought in past month,https://www.amazon.com/Cancelling-Headphones-Wireless-Bluetooth-Microphone/dp/B0BKPRTRXK/ref=sr_1_135?dib=eyJ2IjoiMSJ9.5MSZxUTHjuJDchsmRHEk-otGwyJ9ejwTSWAJRzqOoN_SeIMSCQO5HgZUAYXhnhyhZZ_NVGU2hCTCx0KQeXnp70CRWiazfeOkTfdj8AOIs5Ba4dzjj1lr2_gRNJa3Lchnb5JXdRvSXAWdBOk4WRAfjMTUDYHB4QvUaccMuvSV6lqiKILO-ClGIVZt8M2yEuyJjXciwdOfn3b17S1i67jAc4Dh8FW33KSE6jKmE5-ictY.fqdAO6NnwohatatKDQcnDKka2BqxAupsymnla7o4854&dib_tag=se&keywords=wireless+headphones&qid=1777479931&sr=8-135
N/A,N/A,5.0,New on Amazon in past month,https://www.amazon.com/Monster-Persona-3rd-ANC-Lightweight/dp/B0GXB66K31/ref=sr_1_136?dib=eyJ2IjoiMSJ9.5MSZxUTHjuJDchsmRHEk-otGwyJ9ejwTSWAJRzqOoN_SeIMSCQO5HgZUAYXhnhyhZZ_NVGU2hCTCx0KQeXnp70CRWiazfeOkTfdj8AOIs5Ba4dzjj1lr2_gRNJa3Lchnb5JXdRvSXAWdBOk4WRAfjMTUDYHB4QvUaccMuvSV6lqiKILO-ClGIVZt8M2yEuyJjXciwdOfn3b17S1i67jAc4Dh8FW33KSE6jKmE5-ictY.fqdAO6NnwohatatKDQcnDKka2BqxAupsymnla7o4854&dib_tag=se&keywords=wireless+headphones&qid=1777479931&sr=8-136
N/A,N/A,4.4,100+ bought in past month,https://www.amazon.com/Positive-Grid-Headphone-AI-Powered-Noise-Isolation/dp/B0DTPMLMFV/ref=sr_1_137?dib=eyJ2IjoiMSJ9.5MSZxUTHjuJDchsmRHEk-otGwyJ9ejwTSWAJRzqOoN_SeIMSCQO5HgZUAYXhnhyhZZ_NVGU2hCTCx0KQeXnp70CRWiazfeOkTfdj8AOIs5Ba4dzjj1lr2_gRNJa3Lchnb5JXdRvSXAWdBOk4WRAfjMTUDYHB4QvUaccMuvSV6lqiKILO-ClGIVZt8M2yEuyJjXciwdOfn3b17S1i67jAc4Dh8FW33KSE6jKmE5-ictY.fqdAO6NnwohatatKDQcnDKka2BqxAupsymnla7o4854&dib_tag=se&keywords=wireless+headphones&qid=1777479931&sr=8-137
N/A,N/A,4.1,200+ bought in past month,https://www.amazon.com/Fragolucyou-Bluetooth-Headphones-Colorful-Microphone-Comfortable/dp/B0D4TL3DD3/ref=sr_1_138?dib=eyJ2IjoiMSJ9.5MSZxUTHjuJDchsmRHEk-otGwyJ9ejwTSWAJRzqOoN_SeIMSCQO5HgZUAYXhnhyhZZ_NVGU2hCTCx0KQeXnp70CRWiazfeOkTfdj8AOIs5Ba4dzjj1lr2_gRNJa3Lchnb5JXdRvSXAWdBOk4WRAfjMTUDYHB4QvUaccMuvSV6lqiKILO-ClGIVZt8M2yEuyJjXciwdOfn3b17S1i67jAc4Dh8FW33KSE6jKmE5-ictY.fqdAO6NnwohatatKDQcnDKka2BqxAupsymnla7o4854&dib_tag=se&keywords=wireless+headphones&qid=1777479931&sr=8-138
N/A,N/A,4.2,N/A,https://www.amazon.com/sspa/click?ie=UTF8&spc=MTo3ODc2NzMzMjIyMTIxMzQxOjE3Nzc0Nzk5MzE6c3BfbXRmOjMwMTI2MTY3NjY2NzgwMjo6MDo6&url=%2FFisher-Cancelling-Lightweight-Comfortable-Rechargeable%2Fdp%2FB0DT2LS1MD%2Fref%3Dsr_1_139_sspa%3Fdib%3DeyJ2IjoiMSJ9.5MSZxUTHjuJDchsmRHEk-otGwyJ9ejwTSWAJRzqOoN_SeIMSCQO5HgZUAYXhnhyhZZ_NVGU2hCTCx0KQeXnp70CRWiazfeOkTfdj8AOIs5Ba4dzjj1lr2_gRNJa3Lchnb5JXdRvSXAWdBOk4WRAfjMTUDYHB4QvUaccMuvSV6lqiKILO-ClGIVZt8M2yEuyJjXciwdOfn3b17S1i67jAc4Dh8FW33KSE6jKmE5-ictY.fqdAO6NnwohatatKDQcnDKka2BqxAupsymnla7o4854%26dib_tag%3Dse%26keywords%3Dwireless%2Bheadphones%26qid%3D1777479931%26sr%3D8-139-spons%26sp_csd%3Dd2lkZ2V0TmFtZT1zcF9tdGY%26psc%3D1
N/A,N/A,4.6,4K+ bought in past month,https://www.amazon.com/sspa/click?ie=UTF8&spc=MTo3ODc2NzMzMjIyMTIxMzQxOjE3Nzc0Nzk5MzE6c3BfbXRmOjMwMTIzNDQ3NzEwNjUwMjo6MDo6&url=%2FPicun-B8-Bluetooth-Headphones-Hands-Free%2Fdp%2FB0CFV9XR2Q%2Fref%3Dsr_1_140_sspa%3Fdib%3DeyJ2IjoiMSJ9.5MSZxUTHjuJDchsmRHEk-otGwyJ9ejwTSWAJRzqOoN_SeIMSCQO5HgZUAYXhnhyhZZ_NVGU2hCTCx0KQeXnp70CRWiazfeOkTfdj8AOIs5Ba4dzjj1lr2_gRNJa3Lchnb5JXdRvSXAWdBOk4WRAfjMTUDYHB4QvUaccMuvSV6lqiKILO-ClGIVZt8M2yEuyJjXciwdOfn3b17S1i67jAc4Dh8FW33KSE6jKmE5-ictY.fqdAO6NnwohatatKDQcnDKka2BqxAupsymnla7o4854%26dib_tag%3Dse%26keywords%3Dwireless%2Bheadphones%26qid%3D1777479931%26sr%3D8-140-spons%26sp_csd%3Dd2lkZ2V0TmFtZT1zcF9tdGY%26psc%3D1
N/A,"3,318.",4.3,1K+ bought in past month,https://www.amazon.com/sspa/click?ie=UTF8&spc=MToyMTQ1NTU5MDY0NTEyMTI6MTc3NzQ3OTkzNTpzcF9hdGZfbmV4dDozMDEyMTQzNDY0NzAxMDI6OjA6Og&url=%2FActive-Noise-Cancelling-Headphones-Comfortable%2Fdp%2FB095BV8R27%2Fref%3Dsr_1_145_sspa%3Fdib%3DeyJ2IjoiMSJ9.KAOM5j6rFkIVIKHmqGOFgctiO7xmx_CEzwNsNKyMu2UBE-TSRA4oPURX2uCgA1kU4QmW3h2AbcE1YT4nnCeq4Us_Vp58YgQ_hz4ddr1gUmnEBLE7gpulNlT0wJbkBChYNS2OSfW_4TGfFjKdKAkdPF3vBKbykR_ET1acHTMu0DBy8JkIYhKnEwmT-Rx7e-_rt3QR54y1tP2gmcPnRitu5hj67WsZ9kxJPqiO_50KYUo.zxRJfKMz6gSust40UpHS0I2h5l6XTzvwexwUZrGBmKU%26dib_tag%3Dse%26keywords%3Dwireless%2Bheadphones%26qid%3D1777479935%26sr%3D8-145-spons%26sp_csd%3Dd2lkZ2V0TmFtZT1zcF9hdGZfbmV4dA%26psc%3D1
N/A,N/A,4.6,4K+ bought in past month,https://www.amazon.com/sspa/click?ie=UTF8&spc=MToyMTQ1NTU5MDY0NTEyMTI6MTc3NzQ3OTkzNTpzcF9hdGZfbmV4dDozMDEyMzQ0NzcxMDY1MDI6OjA6Og&url=%2FPicun-B8-Bluetooth-Headphones-Hands-Free%2Fdp%2FB0CFV9XR2Q%2Fref%3Dsr_1_146_sspa%3Fdib%3DeyJ2IjoiMSJ9.KAOM5j6rFkIVIKHmqGOFgctiO7xmx_CEzwNsNKyMu2UBE-TSRA4oPURX2uCgA1kU4QmW3h2AbcE1YT4nnCeq4Us_Vp58YgQ_hz4ddr1gUmnEBLE7gpulNlT0wJbkBChYNS2OSfW_4TGfFjKdKAkdPF3vBKbykR_ET1acHTMu0DBy8JkIYhKnEwmT-Rx7e-_rt3QR54y1tP2gmcPnRitu5hj67WsZ9kxJPqiO_50KYUo.zxRJfKMz6gSust40UpHS0I2h5l6XTzvwexwUZrGBmKU%26dib_tag%3Dse%26keywords%3Dwireless%2Bheadphones%26qid%3D1777479935%26sr%3D8-146-spons%26sp_csd%3Dd2lkZ2V0TmFtZT1zcF9hdGZfbmV4dA%26psc%3D1
N/A,N/A,4.3,1K+ bought in past month,https://www.amazon.com/Bluetooth-Headphones-Waterproof-Earphones-Canceling/dp/B0CHYCDRYM/ref=sr_1_147?dib=eyJ2IjoiMSJ9.KAOM5j6rFkIVIKHmqGOFgctiO7xmx_CEzwNsNKyMu2UBE-TSRA4oPURX2uCgA1kU4QmW3h2AbcE1YT4nnCeq4Us_Vp58YgQ_hz4ddr1gUmnEBLE7gpulNlT0wJbkBChYNS2OSfW_4TGfFjKdKAkdPF3vBKbykR_ET1acHTMu0DBy8JkIYhKnEwmT-Rx7e-_rt3QR54y1tP2gmcPnRitu5hj67WsZ9kxJPqiO_50KYUo.zxRJfKMz6gSust40UpHS0I2h5l6XTzvwexwUZrGBmKU&dib_tag=se&keywords=wireless+headphones&qid=1777479935&sr=8-147
N/A,N/A,4.4,400+ bought in past month,https://www.amazon.com/MIDOLA-Bluetooth-Headphones-Microphone-Lightweight/dp/B0CHY3GM4R/ref=sr_1_148?dib=eyJ2IjoiMSJ9.KAOM5j6rFkIVIKHmqGOFgctiO7xmx_CEzwNsNKyMu2UBE-TSRA4oPURX2uCgA1kU4QmW3h2AbcE1YT4nnCeq4Us_Vp58YgQ_hz4ddr1gUmnEBLE7gpulNlT0wJbkBChYNS2OSfW_4TGfFjKdKAkdPF3vBKbykR_ET1acHTMu0DBy8JkIYhKnEwmT-Rx7e-_rt3QR54y1tP2gmcPnRitu5hj67WsZ9kxJPqiO_50KYUo.zxRJfKMz6gSust40UpHS0I2h5l6XTzvwexwUZrGBmKU&dib_tag=se&keywords=wireless+headphones&qid=1777479935&sr=8-148
N/A,N/A,4.2,500+ bought in past month,https://www.amazon.com/Skullcandy-Bluetooth-Headphones-Isolating-Microphone/dp/B0FY3VS373/ref=sr_1_149?dib=eyJ2IjoiMSJ9.KAOM5j6rFkIVIKHmqGOFgctiO7xmx_CEzwNsNKyMu2UBE-TSRA4oPURX2uCgA1kU4QmW3h2AbcE1YT4nnCeq4Us_Vp58YgQ_hz4ddr1gUmnEBLE7gpulNlT0wJbkBChYNS2OSfW_4TGfFjKdKAkdPF3vBKbykR_ET1acHTMu0DBy8JkIYhKnEwmT-Rx7e-_rt3QR54y1tP2gmcPnRitu5hj67WsZ9kxJPqiO_50KYUo.zxRJfKMz6gSust40UpHS0I2h5l6XTzvwexwUZrGBmKU&dib_tag=se&keywords=wireless+headphones&qid=1777479935&sr=8-149
N/A,N/A,4.4,4K+ bought in past month,https://www.amazon.com/Headphones-Ergonomic-Bluetooth-Playtime-Waterproof/dp/B0F62TV3ZW/ref=sr_1_150?dib=eyJ2IjoiMSJ9.KAOM5j6rFkIVIKHmqGOFgctiO7xmx_CEzwNsNKyMu2UBE-TSRA4oPURX2uCgA1kU4QmW3h2AbcE1YT4nnCeq4Us_Vp58YgQ_hz4ddr1gUmnEBLE7gpulNlT0wJbkBChYNS2OSfW_4TGfFjKdKAkdPF3vBKbykR_ET1acHTMu0DBy8JkIYhKnEwmT-Rx7e-_rt3QR54y1tP2gmcPnRitu5hj67WsZ9kxJPqiO_50KYUo.zxRJfKMz6gSust40UpHS0I2h5l6XTzvwexwUZrGBmKU&dib_tag=se&keywords=wireless+headphones&qid=1777479935&sr=8-150
N/A,"8,533.",4.3,2K+ bought in past month,https://www.amazon.com/Xbox-Wireless-Gaming-Headset-Headphones-Console/dp/B0DH689JGY/ref=sr_1_151?dib=eyJ2IjoiMSJ9.KAOM5j6rFkIVIKHmqGOFgctiO7xmx_CEzwNsNKyMu2UBE-TSRA4oPURX2uCgA1kU4QmW3h2AbcE1YT4nnCeq4Us_Vp58YgQ_hz4ddr1gUmnEBLE7gpulNlT0wJbkBChYNS2OSfW_4TGfFjKdKAkdPF3vBKbykR_ET1acHTMu0DBy8JkIYhKnEwmT-Rx7e-_rt3QR54y1tP2gmcPnRitu5hj67WsZ9kxJPqiO_50KYUo.zxRJfKMz6gSust40UpHS0I2h5l6XTzvwexwUZrGBmKU&dib_tag=se&keywords=wireless+headphones&qid=1777479935&sr=8-151
N/A,N/A,4.5,1K+ bought in past month,https://www.amazon.com/Soundcore-Cancelling-Headphones-Reduction-Comfortable/dp/B0C6KJ3R71/ref=sr_1_152?dib=eyJ2IjoiMSJ9.KAOM5j6rFkIVIKHmqGOFgctiO7xmx_CEzwNsNKyMu2UBE-TSRA4oPURX2uCgA1kU4QmW3h2AbcE1YT4nnCeq4Us_Vp58YgQ_hz4ddr1gUmnEBLE7gpulNlT0wJbkBChYNS2OSfW_4TGfFjKdKAkdPF3vBKbykR_ET1acHTMu0DBy8JkIYhKnEwmT-Rx7e-_rt3QR54y1tP2gmcPnRitu5hj67WsZ9kxJPqiO_50KYUo.zxRJfKMz6gSust40UpHS0I2h5l6XTzvwexwUZrGBmKU&dib_tag=se&keywords=wireless+headphones&qid=1777479935&sr=8-152
N/A,N/A,4.6,New on Amazon in past month,https://www.amazon.com/Wireless-Bluetooth-Headphone-Lightweight-Glasses-Friendly/dp/B0GHYQB3M8/ref=sr_1_153?dib=eyJ2IjoiMSJ9.KAOM5j6rFkIVIKHmqGOFgctiO7xmx_CEzwNsNKyMu2UBE-TSRA4oPURX2uCgA1kU4QmW3h2AbcE1YT4nnCeq4Us_Vp58YgQ_hz4ddr1gUmnEBLE7gpulNlT0wJbkBChYNS2OSfW_4TGfFjKdKAkdPF3vBKbykR_ET1acHTMu0DBy8JkIYhKnEwmT-Rx7e-_rt3QR54y1tP2gmcPnRitu5hj67WsZ9kxJPqiO_50KYUo.zxRJfKMz6gSust40UpHS0I2h5l6XTzvwexwUZrGBmKU&dib_tag=se&keywords=wireless+headphones&qid=1777479935&sr=8-153
N/A,"2,843.",4.0,200+ bought in past month,https://www.amazon.com/PHILIPS-Wireless-Headphones-Bluetooth-Ergonomic/dp/B0D8RH4NX6/ref=sr_1_154?dib=eyJ2IjoiMSJ9.KAOM5j6rFkIVIKHmqGOFgctiO7xmx_CEzwNsNKyMu2UBE-TSRA4oPURX2uCgA1kU4QmW3h2AbcE1YT4nnCeq4Us_Vp58YgQ_hz4ddr1gUmnEBLE7gpulNlT0wJbkBChYNS2OSfW_4TGfFjKdKAkdPF3vBKbykR_ET1acHTMu0DBy8JkIYhKnEwmT-Rx7e-_rt3QR54y1tP2gmcPnRitu5hj67WsZ9kxJPqiO_50KYUo.zxRJfKMz6gSust40UpHS0I2h5l6XTzvwexwUZrGBmKU&dib_tag=se&keywords=wireless+headphones&qid=1777479935&sr=8-154
N/A,N/A,4.6,N/A,https://www.amazon.com/sspa/click?ie=UTF8&spc=MToyMTQ1NTU5MDY0NTEyMTI6MTc3NzQ3OTkzNTpzcF9tdGY6MzAxMjMwODg4MTI5NzAyOjowOjo&url=%2FJLab-Wireless-Bluetooth-Headphones-Cancelling%2Fdp%2FB0FX7R5C6L%2Fref%3Dsr_1_155_sspa%3Fdib%3DeyJ2IjoiMSJ9.KAOM5j6rFkIVIKHmqGOFgctiO7xmx_CEzwNsNKyMu2UBE-TSRA4oPURX2uCgA1kU4QmW3h2AbcE1YT4nnCeq4Us_Vp58YgQ_hz4ddr1gUmnEBLE7gpulNlT0wJbkBChYNS2OSfW_4TGfFjKdKAkdPF3vBKbykR_ET1acHTMu0DBy8JkIYhKnEwmT-Rx7e-_rt3QR54y1tP2gmcPnRitu5hj67WsZ9kxJPqiO_50KYUo.zxRJfKMz6gSust40UpHS0I2h5l6XTzvwexwUZrGBmKU%26dib_tag%3Dse%26keywords%3Dwireless%2Bheadphones%26qid%3D1777479935%26sr%3D8-155-spons%26sp_csd%3Dd2lkZ2V0TmFtZT1zcF9tdGY%26psc%3D1
N/A,N/A,4.2,N/A,https://www.amazon.com/sspa/click?ie=UTF8&spc=MToyMTQ1NTU5MDY0NTEyMTI6MTc3NzQ3OTkzNTpzcF9tdGY6MzAxMjYxNjc2NjY3ODAyOjowOjo&url=%2FFisher-Cancelling-Lightweight-Comfortable-Rechargeable%2Fdp%2FB0DT2LS1MD%2Fref%3Dsr_1_156_sspa%3Fdib%3DeyJ2IjoiMSJ9.KAOM5j6rFkIVIKHmqGOFgctiO7xmx_CEzwNsNKyMu2UBE-TSRA4oPURX2uCgA1kU4QmW3h2AbcE1YT4nnCeq4Us_Vp58YgQ_hz4ddr1gUmnEBLE7gpulNlT0wJbkBChYNS2OSfW_4TGfFjKdKAkdPF3vBKbykR_ET1acHTMu0DBy8JkIYhKnEwmT-Rx7e-_rt3QR54y1tP2gmcPnRitu5hj67WsZ9kxJPqiO_50KYUo.zxRJfKMz6gSust40UpHS0I2h5l6XTzvwexwUZrGBmKU%26dib_tag%3Dse%26keywords%3Dwireless%2Bheadphones%26qid%3D1777479935%26sr%3D8-156-spons%26sp_csd%3Dd2lkZ2V0TmFtZT1zcF9tdGY%26psc%3D1
